"","x"
"1",-5.39019195272087
"2",-4.89828286181178
"3",-5.08987444444445
"4",-3.64276950175978
"5",-2.03091122683578
"6",-14.3004643290043
"7",-15.0556976623377
"8",-14.1869643290043
"9",-14.1869643290043
"10",-14.0910469145268
"11",-18.3632262337662
"12",-19.087502482647
"13",-17.9031661111111
"14",-16.6540652020202
"15",-16.4224152020202
"16",-19.087502482647
"17",-17.9031661111111
"18",-16.6540652020202
"19",-16.4224152020202
"20",-7.52103324642431
"21",-8.1162752717381
"22",-6.14483765130267
"23",4.41776356158333
"24",4.23576356158333
"25",-4.73963330471
"26",18.019973811392
"27",18.019973811392
"28",18.4515932773368
"29",-1.40068654829098
"30",-1.40163654829098
"31",-1.06089856810983
"32",-8.439468
"33",-8.300668
"34",-8.8192457404
"35",-5.47926428800111
"36",-6.25267428800111
"37",-6.96395549897444
"38",-6.85971549897444
"39",-5.60044029934778
"40",-11.8838166666667
"41",-11.4239811904762
"42",-11.8194266666667
"43",-11.2916978571429
"44",-12.4484166666667
"45",-11.8645628297762
"46",-12.3582266666667
"47",-11.7375794964429
"48",-12.69193
"49",-11.5665079755117
"50",-24.6554103871676
"51",-18.348000744927
"52",23.7960662966642
"53",17.1159022106927
"54",14.0639804251082
"55",-23.6046414968983
"56",-26.1884104734633
"57",-27.1337416059159
"58",-30.7089236962133
"59",-14.8188602073026
"60",-12.7715339749097
"61",-16.1656579741554
"62",-14.0596338345699
"63",-10.2609910062431
"64",-14.921981144895
"65",-13.2413792714115
"66",-10.6549818420469
"67",-14.1187932484032
"68",18.2600695807325
"69",12.6733303439631
"70",-2.04207357571889
"71",12.3619457131631
"72",12.6733303439631
"73",12.7713303439631
"74",19.9285096309111
"75",19.9285096309111
"76",19.724805
"77",23.9914137399633
"78",24.9283687399633
"79",25.3529728532253
"80",26.8332128532254
"81",26.8332128532254
"82",25.468879519892
"83",-11.1059516935246
"84",-11.1059516935246
"85",-10.3501183601912
"86",-9.16374012540779
"87",-9.16374012540779
"88",-9.39901553203779
"89",-9.47901553203779
"90",-9.47901553203779
"91",-8.63326724238351
"92",-8.96530605352456
"93",-8.96530605352456
"94",-8.85260605352457
"95",-7.57883781874112
"96",-7.39093781874112
"97",-7.57421322537112
"98",-7.56327989203779
"99",-7.56327989203779
"100",-6.9737816023835
"101",-14.3786468558822
"102",-14.3786468558822
"103",-13.9820135225489
"104",-13.8367846539426
"105",-13.8367846539426
"106",-13.8367846539426
"107",-12.9498513206092
"108",-12.9498513206092
"109",-10.5340618714745
"110",-14.8734570349705
"111",-14.8734570349705
"112",-14.4708237016372
"113",-13.6916336735504
"114",-13.6297336735504
"115",-13.6297336735504
"116",-13.6618513206092
"117",-13.6618513206092
"118",-12.0664618714745
"119",-4.71598742026316
"120",-3.94621828665983
"121",-3.83081507856111
"122",-6.41222453388582
"123",-6.91019281974248
"124",-6.91019281974248
"125",-8.410887922892
"126",-8.410887922892
"127",0.253829314731599
"128",-13.0589683318174
"129",-13.0589683318174
"130",-13.0589683318174
"131",-12.8641805659711
"132",-12.7935822253711
"133",-12.7935822253711
"134",-12.7472798920378
"135",-12.7472798920378
"136",-9.21974874443014
"137",28.0388125852233
"138",29.13643107849
"139",29.13643107849
"140",29.13643107849
"141",29.13643107849
"142",-9.47901553203779
"143",-9.48327989203779
"144",-9.48327989203779
"145",-9.48327989203779
"146",-9.52327989203779
"147",-7.56327989203779
"148",-7.56327989203779
"149",-7.56327989203779
"150",-7.56327989203779
"151",-7.64327989203779
"152",-12.9498513206092
"153",-13.8958513206092
"154",-13.8958513206092
"155",-13.8958513206092
"156",-13.8438513206092
"157",-13.6618513206092
"158",-13.6138513206092
"159",-13.6138513206092
"160",-13.6066513206092
"161",-13.5606513206092
"162",-8.410887922892
"163",-9.4
"164",-9.4
"165",-9.4
"166",-9.4
"167",-12.7472798920378
"168",-12.7472798920378
"169",-12.7472798920378
"170",-12.7472798920378
"171",-12.7192798920378
"172",-9.47901553203779
"173",-9.48327989203779
"174",-9.48327989203779
"175",-9.48327989203779
"176",-9.48327989203779
"177",-9.48327989203779
"178",-7.56327989203779
"179",-7.56327989203779
"180",-7.56327989203779
"181",-7.56327989203779
"182",-7.56327989203779
"183",-7.56327989203779
"184",-12.9498513206092
"185",-13.8958513206092
"186",-13.8958513206092
"187",-13.8958513206092
"188",-13.8958513206092
"189",-13.8958513206092
"190",-13.6618513206092
"191",-13.6138513206092
"192",-13.6138513206092
"193",-13.6138513206092
"194",-13.6138513206092
"195",-13.6066513206092
"196",-8.410887922892
"197",-9.4
"198",-9.4
"199",-9.4
"200",-9.4
"201",-9.4
"202",-12.7472798920378
"203",-12.7472798920378
"204",-12.7472798920378
"205",-12.7472798920378
"206",-12.7472798920378
"207",-12.7472798920378
"208",-3.12635438836222
"209",-7.39514218048088
"210",11.6809379398744
"211",-7.85821909719619
"212",6.23041142313778
"213",-8.33585004808508
"214",-8.52941077297619
"215",-8.52941077297619
"216",4.623580282672
"217",-0.988691872384342
"218",-11.7777413898671
"219",-23.0574836908411
"220",-19.3679956754844
"221",1.70313651103802
"222",-13.2720246005733
"223",-23.7096034359951
"224",1.87277107836601
"225",-13.6710246005733
"226",-24.2554361026618
"227",6.35812129439686
"228",-13.648736777272
"229",-25.250555218003
"230",5.14302327439686
"231",-13.7344261634387
"232",-25.6007635257015
"233",5.26326940320486
"234",-13.9528261634387
"235",-26.1298598791348
"236",-13.1279390660915
"237",-13.4444675564
"238",-13.4003286666667
"239",-23.3910453720835
"240",-23.4852120387502
"241",-23.4768083222312
"242",-15.0228677440075
"243",-14.3574727686768
"244",-14.2970690521579
"245",-4.76280513584046
"246",-31.2235705752889
"247",-32.9673785503389
"248",-4.09798806268389
"249",-31.0444198902889
"250",-33.3522118836389
"251",-0.621718338269262
"252",-25.0223659647933
"253",-26.7978173292981
"254",-1.54468785049593
"255",-25.3720642587933
"256",-27.1965074551784
"257",-0.997259215859355
"258",-25.3264642587933
"259",-27.3011044752451
"260",-24.9798942406933
"261",-25.1775042587933
"262",-24.8934642587933
"263",-25.3001785714286
"264",-25.8295119047619
"265",-25.7297900064248
"266",-23.7240701173286
"267",-24.1645701173286
"268",-24.0328482189914
"269",-12.1026045676187
"270",-4.16216209421692
"271",-4.16216209421692
"272",-10.6196779927921
"273",-32.0073835854541
"274",-32.561900772987
"275",-32.561900772987
"276",-30.7148251111091
"277",32.051679816271
"278",34.6560897463084
"279",35.1825379283115
"280",35.0934115891158
"281",28.9987542261052
"282",36.1625363825376
"283",35.7252996970976
"284",34.6394230796417
"285",27.9546746406432
"286",-0.0924414675104988
"287",-7.61349726422467
"288",-26.2334538096535
"289",-31.0558086098292
"290",-41.1533792016381
"291",-43.4083713915357
"292",-43.2767898265524
"293",24.7906056877329
"294",33.7297205001502
"295",35.2053785495809
"296",35.2053785495809
"297",35.2912617054684
"298",35.252966598909
"299",35.4574466379995
"300",35.7195640374373
"301",15.5324003046684
"302",26.5174500645311
"303",30.1402911774349
"304",32.7858008561378
"305",33.5118244429228
"306",33.537802991085
"307",35.0659515035572
"308",37.3297777981243
"309",37.6360273745835
"310",37.044899687658
"311",10.9309407855249
"312",18.594500868458
"313",32.6483726032696
"314",33.6544957113639
"315",33.828455767206
"316",33.497456196552
"317",36.1615398527529
"318",35.7878621283463
"319",31.3314152057394
"320",26.4173426723523
"321",-0.35013577255895
"322",-6.95760391124571
"323",-16.4911738154455
"324",-28.1520400956495
"325",-36.7678165585871
"326",-35.4109347335005
"327",34.7167351885112
"328",32.5417452534115
"329",29.0015603320249
"330",20.155571364137
"331",13.9605266282309
"332",-9.75145124826518
"333",-28.3995729286541
"334",-34.9038186707278
"335",-33.8033339344011
"336",-31.6713046064278
"337",35.0114666466227
"338",32.6067567221737
"339",31.0783154675906
"340",28.0424788772668
"341",11.8600699396001
"342",-8.41712080590476
"343",-20.2043456361895
"344",-22.0255628186884
"345",-20.0452461629617
"346",-18.9524278996817
"347",21.8266823146122
"348",29.0322682592727
"349",27.7572988019792
"350",32.4565683524995
"351",33.4099093161088
"352",26.1746639943877
"353",32.2123226505463
"354",33.5647873066132
"355",29.8723171884301
"356",29.484121431399
"357",25.8306792067075
"358",31.4287341237432
"359",32.5417452534115
"360",28.2938105352368
"361",28.2395517435859
"362",25.5684101924927
"363",30.7559133196057
"364",31.8689244492739
"365",27.9271675449547
"366",27.8729087533039
"367",22.1353272191374
"368",17.3291106857498
"369",-0.13265701470328
"370",-11.0779594705916
"371",-11.7990604705916
"372",-11.649202144517
"373",18.2113418867325
"374",13.9605266282309
"375",11.8600699396001
"376",17.9219768527906
"377",13.6886561320635
"378",11.2282079323384
"379",18.2113418867325
"380",13.9605266282309
"381",11.8600699396001
"382",15.1089577833968
"383",11.879195993405
"384",10.3145463160415
"385",-22.067296766827
"386",-23.5039141661103
"387",-15.2165614564531
"388",-8.69195812635791
"389",-0.722691256407911
"390",-0.272284245593656
"391",-0.68540234636866
"392",-23.728796813046
"393",-23.5851223873572
"394",-31.2626874051923
"395",-34.5458117787233
"396",-35.6626055680933
"397",-23.728796813046
"398",-26.295130470195
"399",-26.6142586753232
"400",-27.0558158181803
"401",-27.2443019230692
"402",-27.9519679913867
"403",-28.186499310068
"404",-28.4275170589858
"405",-28.6088209402791
"406",-28.636209829168
"407",-28.6732328632649
"408",-28.6732328632649
"409",-28.7213947680269
"410",-28.7553591318135
"411",-15.666977840375
"412",-15.8461933298727
"413",-15.8461933298727
"414",-15.7533260282854
"415",-15.7561252346346
"416",-15.7561252346346
"417",-15.7710602995697
"418",-15.7427626805221
"419",-15.7270126805221
"420",-15.7321555376649
"421",-15.6933499821094
"422",-15.6327309344903
"423",-15.4408116704211
"424",-15.3964783370877
"425",-7.41408298961307
"426",-7.31528298961307
"427",-7.31528298961307
"428",-7.2789283229464
"429",-7.2142643229464
"430",-7.16094289437498
"431",-7.05271122770831
"432",-6.86376698167656
"433",-6.53777174358132
"434",-6.40703537994496
"435",-6.32015180851639
"436",-6.32998514184972
"437",-6.31784914184972
"438",-6.30697914184972
"439",-0.48383405656103
"440",-0.586708201010306
"441",-0.591659942607832
"442",-0.577044557992448
"443",-0.579187415135305
"444",-0.579187415135305
"445",-0.584787415135303
"446",-0.641529406477296
"447",-0.679710358858248
"448",-0.68291035885825
"449",-0.684310358858248
"450",-0.673310358858248
"451",-0.702891555439445
"452",-0.675691555439443
"453",-35.0896694212219
"454",-35.7947552835187
"455",-35.8341075562459
"456",-35.7368454133888
"457",-35.575105762013
"458",-35.6558690953464
"459",-35.7605431429654
"460",-35.7626964762988
"461",-35.8296492540765
"462",-35.8296492540765
"463",-35.8323642540765
"464",-35.8323642540765
"465",-35.8323642540765
"466",-35.8255642540765
"467",-13.2326447300874
"468",-13.8223375137461
"469",-13.8609441804128
"470",-13.8861870375557
"471",-14.0247830548717
"472",-14.1077067669929
"473",-14.1355943860405
"474",-14.2148943860405
"475",-14.2035816876278
"476",-14.2175938088399
"477",-14.1533138088399
"478",-14.1533138088399
"479",-14.1533138088399
"480",-14.1533138088399
"481",-8.99842704514637
"482",-9.08836704514637
"483",-9.12697371181304
"484",-9.19884637847971
"485",-8.93116452133685
"486",-9.00380104514637
"487",-8.92704678018911
"488",-8.92076904209387
"489",-8.90160489679473
"490",-8.82296807861291
"491",-8.90248391194624
"492",-8.90306391194624
"493",-8.92424391194624
"494",-8.72699111768787
"495",-0.547841213122716
"496",-0.547841213122716
"497",-0.54661412613177
"498",-0.54661412613177
"499",-0.54661412613177
"500",-0.54661412613177
"501",-0.54661412613177
"502",-0.647684840595099
"503",-0.647684840595099
"504",-1.04322027554983
"505",-0.48560760333481
"506",-0.547841213122716
"507",-0.54661412613177
"508",-0.54661412613177
"509",-0.54661412613177
"510",-0.484834690325755
"511",-0.547068300113661
"512",-0.547068300113661
"513",-0.547068300113661
"514",-0.545841213122715
"515",-27.0690719161521
"516",-27.7449097613824
"517",-27.7449097613824
"518",-27.3081037606222
"519",-27.9792709208629
"520",-27.9792709208629
"521",-27.5977519732629
"522",-28.1180579740231
"523",-28.1180579740231
"524",-20.9396918440748
"525",-20.9906323805101
"526",-21.4446765167371
"527",-20.9396918440748
"528",-20.9906323805101
"529",-21.4446765167371
"530",-22.4808910866103
"531",-22.4608904981057
"532",-22.9149346343326
"533",-12.809338760182
"534",-14.0988791925698
"535",-14.0988791925698
"536",-12.809338760182
"537",-14.0988791925698
"538",-14.0988791925698
"539",-11.1888371984053
"540",-13.7991875412877
"541",-13.9121335834277
"542",4.63847783687651
"543",2.0679099425398
"544",2.0865099425398
"545",4.63847783687651
"546",2.0679099425398
"547",2.0865099425398
"548",4.06010215910551
"549",1.6564348529688
"550",1.6750348529688
"551",4.39242436923651
"552",1.5569099425398
"553",1.5755099425398
"554",4.39242436923651
"555",1.5569099425398
"556",1.5755099425398
"557",3.76582804469488
"558",1.09721420619817
"559",1.11581420619817
"560",3.90269239353453
"561",1.11056386529504
"562",1.12916386529504
"563",3.90269239353453
"564",1.11056386529504
"565",1.12916386529504
"566",3.32431671576354
"567",0.699088775724041
"568",0.71768877572404
"569",4.09789539634065
"570",1.1076315827724
"571",1.1262315827724
"572",4.09789539634065
"573",1.1076315827724
"574",1.1262315827724
"575",3.51951971856965
"576",0.696156493201405
"577",0.714756493201405
"578",-10.4309961339602
"579",-10.1215368006268
"580",-9.55891547627395
"581",-9.94491547627395
"582",-9.94491547627395
"583",-9.94491547627395
"584",-9.94491547627395
"585",-9.94491547627395
"586",-9.94491547627395
"587",-9.94491547627395
"588",-9.94491547627395
"589",-9.94491547627395
"590",-9.37634452248036
"591",-9.37634452248036
"592",-9.3625158558137
"593",-9.25528779485814
"594",-9.28628779485814
"595",-9.28628779485814
"596",-9.28628779485814
"597",-9.28628779485814
"598",-9.28628779485814
"599",-9.28628779485814
"600",-9.28628779485814
"601",-9.20044358471896
"602",-9.46853776626682
"603",-9.47506966626682
"604",-8.91244834191395
"605",-9.29844834191395
"606",-9.29844834191395
"607",-9.29844834191395
"608",-9.29844834191395
"609",-9.29844834191395
"610",-9.29844834191395
"611",-9.29844834191395
"612",-9.29844834191395
"613",-9.29844834191395
"614",-8.72987738812036
"615",-8.72987738812036
"616",-8.7160487214537
"617",-8.60882066049814
"618",-8.63982066049814
"619",-8.63982066049814
"620",-8.63982066049814
"621",-8.63982066049814
"622",-8.63982066049814
"623",-8.63982066049814
"624",-8.63982066049814
"625",-7.86660428213814
"626",-8.81052566367597
"627",-9.84504898900598
"628",-9.83372850889798
"629",-9.83372850889798
"630",-9.83372850889798
"631",-9.83372850889798
"632",-10.787728508898
"633",-10.787728508898
"634",-10.782128508898
"635",-10.782128508898
"636",-10.782128508898
"637",-10.782128508898
"638",-10.957408508898
"639",-10.957408508898
"640",-10.884158508898
"641",-11.091606508898
"642",-10.947510108898
"643",-10.947510108898
"644",-10.947510108898
"645",-10.947510108898
"646",-10.947510108898
"647",-10.947510108898
"648",-10.947510108898
"649",-10.6437087716846
"650",-4.95347591536959
"651",-5.12888261546959
"652",-5.12888261546959
"653",-5.12888261546959
"654",-5.12888261546959
"655",-5.12888261546959
"656",-5.12888261546959
"657",-5.12888261546959
"658",-5.12888261546959
"659",-5.12888261546959
"660",-5.12888261546959
"661",-5.12888261546959
"662",-4.97852729546959
"663",-4.97852729546959
"664",-4.45667003033625
"665",-5.28496212646959
"666",-6.08692088926959
"667",-6.08692088926959
"668",-6.08692088926959
"669",-6.08692088926959
"670",-6.08692088926959
"671",-6.20594668926959
"672",-6.20594668926959
"673",-6.42787383893626
"674",-12.0905862377273
"675",-11.781126904394
"676",-11.761126904394
"677",-12.147126904394
"678",-12.147126904394
"679",-12.147126904394
"680",-12.147126904394
"681",-12.147126904394
"682",-12.147126904394
"683",-12.147126904394
"684",-12.147126904394
"685",-12.147126904394
"686",-11.6467201132804
"687",-11.6467201132804
"688",-11.8415255603804
"689",-11.7165925814249
"690",-11.7475925814249
"691",-11.7475925814249
"692",-11.7475925814249
"693",-11.7198891071849
"694",-11.7198891071849
"695",-11.7198891071849
"696",-11.7198891071849
"697",-11.8156665364057
"698",-11.371874870034
"699",-11.378406770034
"700",-11.358406770034
"701",-11.744406770034
"702",-11.744406770034
"703",-11.744406770034
"704",-11.744406770034
"705",-11.744406770034
"706",-11.744406770034
"707",-11.744406770034
"708",-11.744406770034
"709",-11.744406770034
"710",-11.2439999789204
"711",-11.2439999789204
"712",-11.4388054260204
"713",-11.3138724470649
"714",-11.3448724470649
"715",-11.3448724470649
"716",-11.3448724470649
"717",-11.3171689728249
"718",-11.3171689728249
"719",-11.3171689728249
"720",-11.3171689728249
"721",-10.7255742338249
"722",-14.279184389858
"723",-14.929542694438
"724",-14.929542694438
"725",-14.8342982499935
"726",-14.8342982499935
"727",-14.8342982499935
"728",-15.1522982499935
"729",-15.1522982499935
"730",-15.1466982499935
"731",-15.1466982499935
"732",-15.1466982499935
"733",-15.1466982499935
"734",-15.2240236189602
"735",-15.2240236189602
"736",-14.7174929416641
"737",-14.9249409416641
"738",-15.0717409416641
"739",-15.0717409416641
"740",-15.0717409416641
"741",-15.0710742749974
"742",-15.0710742749974
"743",-15.0710742749974
"744",-15.0710742749974
"745",-14.7768043663555
"746",-16.9100608261179
"747",-17.4758328491455
"748",-17.4758328491455
"749",-17.4758328491455
"750",-17.4758328491455
"751",-17.4758328491455
"752",-17.4758328491455
"753",-17.4758328491455
"754",-17.4758328491455
"755",-17.4758328491455
"756",-17.4758328491455
"757",-17.4758328491455
"758",-17.3535553069233
"759",-17.3535553069233
"760",-16.83169804179
"761",-17.6599901379233
"762",-18.4619489007233
"763",-18.4619489007233
"764",-18.4619489007233
"765",-18.6592822340566
"766",-18.6592822340566
"767",-19.6496428898066
"768",-19.6496428898066
"769",-19.4387745999433
"770",-3.50435222104263
"771",-12.4842029294932
"772",-3.058688631705
"773",-3.84826105067222
"774",-13.5249823131068
"775",-13.5914899577075
"776",-3.42182084600234
"777",-4.32967669294628
"778",-3.4773185229398
"779",-13.7920710206096
"780",-1.25771100965245
"781",-1.62244757263694
"782",-4.73383940674053
"783",-1.20775771300563
"784",-1.62244757263694
"785",-5.23701874816092
"786",2.36882029530204
"787",-0.641877970007229
"788",-1.24205702608989
"789",-0.817410798268951
"790",-0.817410798268951
"791",-3.13107369849749
"792",-1.78808710171128
"793",-2.66081838724833
"794",-1.36407829880955
"795",-1.36407829880955
"796",-4.13280727513994
"797",-3.69213535253146
"798",-2.58955423327941
"799",-1.94609126304762
"800",-1.67114239575929
"801",-4.02308107224568
"802",-6.08072549161454
"803",-5.3934298017968
"804",-3.21347381962143
"805",-3.21347381962143
"806",-5.23611644592297
"807",-2.49492166572425
"808",-2.7007159524849
"809",-0.822603895035179
"810",-0.822603895035179
"811",-0.822603895035179
"812",-1.43778623344153
"813",4.50896167922988
"814",-3.34797313805956
"815",-3.51952441613963
"816",-4.44508107224568
"817",12.6804578243733
"818",4.9247934654464
"819",0.0893788962465507
"820",-1.65370739284505
"821",-10.4193446881414
"822",-13.4609802374425
"823",-10.4294095067594
"824",4.58437492019915
"825",-7.37881204145021
"826",-8.9568455629784
"827",-5.23611644592297
"828",-18.4013709643179
"829",-17.9740048309179
"830",-18.0906714975845
"831",-18.175115942029
"832",-18.365115942029
"833",-18.365115942029
"834",-18.1856714975845
"835",-17.6631714975845
"836",-18.1951714975845
"837",-18.2143381642512
"838",-20.3591487420957
"839",-20.1597826086957
"840",-20.3777826086957
"841",-20.140547314578
"842",-20.031547314578
"843",-20.358547314578
"844",-20.2677139812447
"845",-20.2677139812447
"846",-20.2392139812447
"847",-20.1758806479113
"848",-9.83571533974921
"849",-9.22354920634921
"850",-9.2135492063492
"851",-9.34021587301587
"852",-9.34021587301587
"853",-9.61466031746032
"854",-9.80466031746032
"855",-9.93632698412698
"856",-10.0627158730159
"857",-9.87271587301587
"858",-9.91132698412698
"859",-9.69332698412698
"860",-9.68332698412698
"861",-9.67409169000934
"862",-9.67409169000934
"863",-9.67409169000934
"864",-9.78309169000934
"865",-9.88709169000934
"866",-10.227258356676
"867",-10.227258356676
"868",-28.9507747281471
"869",-13.1086725156706
"870",-26.4617401332517
"871",-12.6889877291956
"872",-24.5730782443628
"873",-11.6936598808066
"874",-35.1146710803413
"875",-35.2125710803413
"876",-33.5695344363001
"877",-41.1671276546737
"878",-23.339672879882
"879",-21.4347158667874
"880",-17.0769231273255
"881",-16.2862493617822
"882",-15.8712923170255
"883",-15.8712923170255
"884",-38.7420350901872
"885",-18.1824672517172
"886",-16.4738851987439
"887",-16.1878284798426
"888",-15.1952060568459
"889",-14.8082461841388
"890",-14.3320916938334
"891",-35.7752883763297
"892",-16.0463673919397
"893",-15.1933775192197
"894",-32.733285887057
"895",-11.23202393834
"896",-10.2800744891947
"897",-33.1314793087508
"898",-32.4624870595508
"899",-12.431425762534
"900",-12.5134735003419
"901",-8.61288210840053
"902",-6.96464900583058
"903",-13.6447297417435
"904",-12.5134735003419
"905",-8.61288210840053
"906",-6.96464900583058
"907",-13.6447297417435
"908",-12.5134735003419
"909",-8.61288210840053
"910",-6.96464900583058
"911",-13.5388380758016
"912",-14.1268823486459
"913",-14.4684650326286
"914",-7.75440846314251
"915",-14.4872359435437
"916",-14.8831024386102
"917",-16.1098446464024
"918",-8.22678633237177
"919",-14.4872359435437
"920",-14.8831024386102
"921",-16.1098446464024
"922",-8.22678633237177
"923",-17.7138340656197
"924",-17.9751672273528
"925",-16.8421259575116
"926",-9.15607343456838
"927",-17.7138340656197
"928",-17.9751672273528
"929",-16.8421259575116
"930",-9.15607343456838
"931",-19.1059773375524
"932",-19.3562771659523
"933",-16.3869911630663
"934",-9.54752514397009
"935",-21.1419647057398
"936",-21.4937089785841
"937",-16.5256532565284
"938",-10.2522362550812
"939",-21.1419647057398
"940",-21.4937089785841
"941",-16.5256532565284
"942",-10.2522362550812
"943",-21.1419647057398
"944",-21.4937089785841
"945",-16.5256532565284
"946",-10.2522362550812
"947",-12.6319117172786
"948",-13.2399926156381
"949",-8.9428664251619
"950",-7.42363645681804
"951",-15.3886517942429
"952",-13.1457431973116
"953",-8.83948367350209
"954",-7.17827279315437
"955",-15.979537031747
"956",-13.6452634830259
"957",-9.43139795921638
"958",-7.10580612648771
"959",-17.059103005995
"960",-17.6132696726617
"961",-15.9543077678998
"962",-8.83437586994454
"963",-16.6720585615506
"964",-17.1356171201091
"965",-15.7172552153472
"966",-8.65683925145792
"967",-17.4556426147067
"968",-17.8712011732653
"969",-16.4268392685034
"970",-8.71104235223312
"971",-12.888300105425
"972",-13.0682657209462
"973",-9.95130251748304
"974",-7.40280119313008
"975",-16.8546555335963
"976",-13.246101446782
"977",-9.9750715766521
"978",-7.23671530724419
"979",-17.1133029961662
"980",-12.777101446782
"981",-9.6708715766521
"982",-6.99498197391086
"983",-17.2731308934833
"984",-17.7267864490389
"985",-16.7567518170043
"986",-8.95788566633061
"987",-17.412264270302
"988",-17.5663497695022
"989",-16.6139818041343
"990",-8.89465063514558
"991",-17.5773340377439
"992",-17.3834195369441
"993",-16.4274515715761
"994",-8.77958706925411
"995",-13.02675742555
"996",-12.9537840269629
"997",-9.95895415683304
"998",-7.47760119313008
"999",-16.4679345915213
"1000",-13.3350864194653
"1001",-10.2547898826688
"1002",-7.45486768819657
"1003",-16.6044870736797
"1004",-13.3014197527986
"1005",-10.2435232160021
"1006",-7.50606768819657
"1007",-17.3766308934833
"1008",-17.8782864490389
"1009",-16.7530518170043
"1010",-8.97038566633061
"1011",-17.613964270302
"1012",-17.7940497695022
"1013",-16.6926818041343
"1014",-9.0334363494313
"1015",-17.7790340377439
"1016",-17.9091195369441
"1017",-16.8041515715761
"1018",-9.21637278353982
"1019",-13.41075742555
"1020",-13.1833628980918
"1021",-9.92600445653334
"1022",-7.58943522003033
"1023",-16.8519345915213
"1024",-13.787574081803
"1025",-10.4573823069112
"1026",-7.80483504843016
"1027",-16.9884870736797
"1028",-13.7539074151363
"1029",-10.5997156402445
"1030",-7.83406127794016
"1031",-17.7076434218906
"1032",-18.1212656441128
"1033",-16.0519100885573
"1034",-9.12284533425651
"1035",-18.2960387034712
"1036",-18.5960908693381
"1037",-16.0870353137825
"1038",-9.34510627376745
"1039",-18.461108470913
"1040",-18.7111606367799
"1041",-16.3521050812244
"1042",-9.50606893738598
"1043",-13.7724714982247
"1044",-14.7594753992069
"1045",-14.0918887752002
"1046",-15.1805472332949
"1047",-15.720326951536
"1048",-15.1805472332949
"1049",-15.720326951536
"1050",-15.1991472332949
"1051",-15.720326951536
"1052",-14.7229972332949
"1053",-15.249162417926
"1054",-13.7724714982247
"1055",-14.7594753992069
"1056",-14.0918887752002
"1057",-15.1805472332949
"1058",-15.720326951536
"1059",-15.1805472332949
"1060",-15.720326951536
"1061",-15.1991472332949
"1062",-15.720326951536
"1063",-14.7229972332949
"1064",-15.249162417926
"1065",-11.0059428126411
"1066",-13.5750588897333
"1067",-13.9158467006787
"1068",-13.2508588897333
"1069",-15.0833464015977
"1070",-13.2508588897333
"1071",-15.0833464015977
"1072",-13.2694588897333
"1073",-15.0833464015977
"1074",-12.7293588897333
"1075",-14.7198464015977
"1076",-20.9064612982735
"1077",-15.2661495638997
"1078",-16.4918825493497
"1079",-16.5319104779097
"1080",-20.9064612982735
"1081",-15.2661495638997
"1082",-16.4918825493497
"1083",-16.5319104779097
"1084",-17.786157155344
"1085",-12.9951838168241
"1086",-14.6905169149806
"1087",-14.7305448435406
"1088",-6.25039803784255
"1089",-16.5834706171985
"1090",-16.2246316787325
"1091",-16.7310706171985
"1092",-16.3722316787325
"1093",-15.9463333082792
"1094",-16.9166035037996
"1095",-6.84847785245721
"1096",-15.1157443231303
"1097",-15.3921387179976
"1098",-15.2633443231303
"1099",-15.5397387179976
"1100",-14.9314030397078
"1101",-15.2193762224539
"1102",-8.92413304300588
"1103",-16.5134706171985
"1104",-16.0372983453991
"1105",-16.7055706171985
"1106",-16.2293983453991
"1107",-15.2551999749459
"1108",-15.6698683957872
"1109",-8.18901335983991
"1110",-14.91192996337
"1111",-15.0889458363858
"1112",-15.05952996337
"1113",-15.2365458363858
"1114",-15.296008167127
"1115",-15.4796313994502
"1116",-9.30931935487854
"1117",-17.2080270274549
"1118",-17.1198880889889
"1119",-17.4001270274549
"1120",-17.3119880889889
"1121",-17.8935379944679
"1122",-18.7565445105473
"1123",-12.8560322840831
"1124",-15.1921055555556
"1125",-15.3024582770221
"1126",-15.3832055555556
"1127",-15.4935582770221
"1128",-17.3040834126984
"1129",-17.453686134165
"1130",-9.30027150028884
"1131",-15.241985042735
"1132",-15.5786888453128
"1133",-15.3954183760684
"1134",-15.7321221786462
"1135",-15.7966732464921
"1136",-15.8548464788153
"1137",-8.64741867801329
"1138",-15.2022188522589
"1139",-15.4870893215033
"1140",-15.3556521855922
"1141",-15.6405226548366
"1142",-15.7804470560159
"1143",-15.7540202883391
"1144",-9.30027150028884
"1145",-15.2113183760684
"1146",-15.5160221786462
"1147",-15.3647517094017
"1148",-15.6694555119795
"1149",-15.7662446750635
"1150",-15.7367464788153
"1151",-9.1549013140552
"1152",-15.2684855189255
"1153",-15.4983274167414
"1154",-15.4219188522589
"1155",-15.6517607500747
"1156",-15.8734803893492
"1157",-15.8198202883391
"1158",-8.6842412140552
"1159",-16.2798655555556
"1160",-16.5167407867048
"1161",-16.4879655555556
"1162",-16.7248407867048
"1163",-17.7954178998779
"1164",-17.680479010989
"1165",12.5483249670711
"1166",8.60183495339733
"1167",6.91840922282667
"1168",4.756108541656
"1169",3.59673145914223
"1170",0.964231480760734
"1171",-15.2141738681593
"1172",-9.61909110434467
"1173",-7.88976982915667
"1174",1.82626393846299
"1175",-15.1714760603493
"1176",-9.19399329653467
"1177",-8.35656982915667
"1178",2.00798603306299
"1179",6.40696045744486
"1180",3.63721233067544
"1181",1.79311948942081
"1182",1.79311948942081
"1183",0.835840959826141
"1184",0.835840959826141
"1185",0.835840959826141
"1186",9.82808614155125
"1187",6.72926588697183
"1188",3.67542441185054
"1189",3.67542441185054
"1190",2.71814588225588
"1191",2.71814588225588
"1192",2.71814588225588
"1193",2.71814588225588
"1194",2.71814588225588
"1195",2.71814588225588
"1196",-13.2399085556184
"1197",-12.8606193479934
"1198",-11.0741209874121
"1199",-13.7274524811833
"1200",-13.7266682461516
"1201",-11.9312933606898
"1202",-34.0609639627744
"1203",-35.7261506686244
"1204",-34.8909276604705
"1205",-12.24914843727
"1206",-12.2788649454537
"1207",-11.2691739151785
"1208",-12.4175422005152
"1209",-12.6610937359289
"1210",-10.8236900820537
"1211",-28.7895663967233
"1212",-28.4274917041133
"1213",-28.22342486932
"1214",-11.5225135803941
"1215",-11.8815180665511
"1216",-11.2228665372545
"1217",-11.8106087438108
"1218",-12.4142657435311
"1219",-10.9931573281611
"1220",-29.1862699063211
"1221",-29.0129360067378
"1222",-28.9571265414444
"1223",-10.849649794076
"1224",-10.7399511078059
"1225",-11.3053511078059
"1226",-11.3053511078059
"1227",-12.3426844411393
"1228",-12.3426844411393
"1229",-12.3426844411393
"1230",-12.3426844411393
"1231",-12.3426844411393
"1232",-13.6988838005393
"1233",-6.83872183696234
"1234",-6.72902315069222
"1235",-7.29442315069222
"1236",-7.29442315069222
"1237",-8.33175648402556
"1238",-8.33175648402556
"1239",-8.33175648402556
"1240",-8.33175648402556
"1241",-8.33175648402556
"1242",-9.58955584342556
"1243",-7.00368429395234
"1244",-6.89398560768222
"1245",-7.45938560768222
"1246",-7.45938560768222
"1247",-8.49671894101555
"1248",-8.49671894101555
"1249",-8.49671894101555
"1250",-8.49671894101555
"1251",-8.49671894101555
"1252",-8.56711894101555
"1253",-3.09929028987012
"1254",-2.5546
"1255",-3.12
"1256",-3.12
"1257",-3.12
"1258",-3.12
"1259",-3.12
"1260",-3.12
"1261",-3.12
"1262",-3.14493333333334
"1263",25.15
"1264",25.15
"1265",25.15
"1266",25.15
"1267",25.15
"1268",25.15
"1269",25.15
"1270",25.15
"1271",25.15
"1272",25.15
"1273",-8.24447864214527
"1274",-5.32819738915527
"1275",-6.78997020612756
"1276",-6.14572031613622
"1277",-6.19630591613622
"1278",-6.19630591613622
"1279",-5.72457698886021
"1280",-4.8928768883719
"1281",-7.50038666895065
"1282",-7.62809910875315
"1283",-0.898630937747197
"1284",-2.03151325990193
"1285",-16.5444283708947
"1286",-15.7596542732881
"1287",-17.0240900295633
"1288",-16.1787484570224
"1289",-19.5001727651131
"1290",-19.4405036302018
"1291",-10.3464593820892
"1292",-12.4001131152179
"1293",-11.9160277086832
"1294",-13.0719258292814
"1295",-12.6337929931937
"1296",-12.9732809188614
"1297",-18.0410795576021
"1298",-17.7668087792496
"1299",-17.7920741217503
"1300",-17.7680741217503
"1301",-17.7828793165555
"1302",-17.7114507451269
"1303",-17.7755650308412
"1304",-18.0410795576021
"1305",-17.7668087792496
"1306",-17.7920741217503
"1307",-17.7680741217503
"1308",-17.7828793165555
"1309",-17.7114507451269
"1310",-17.7755650308412
"1311",-20.3470137322076
"1312",-20.9170244449994
"1313",-20.9284850652615
"1314",-21.0214997838763
"1315",-20.9771664505429
"1316",-20.9634442283207
"1317",-20.9809826898592
"1318",-20.3470137322076
"1319",-20.9170244449994
"1320",-20.9284850652615
"1321",-21.0214997838763
"1322",-20.9771664505429
"1323",-20.9634442283207
"1324",-20.9809826898592
"1325",29.0252135244327
"1326",21.3190240381705
"1327",9.54861873851413
"1328",5.20122265509701
"1329",-17.9074711529843
"1330",-21.7729376084723
"1331",-26.5574380273736
"1332",-34.5472022814233
"1333",-36.26060235341
"1334",5.644190663419
"1335",-2.188255560635
"1336",-8.63952019390064
"1337",-10.8405249263568
"1338",-28.6345259820221
"1339",-31.1394566463988
"1340",-34.8944431955321
"1341",-36.7887748203554
"1342",-37.1608513477054
"1343",-20.731150541589
"1344",-21.8069479688195
"1345",-21.7958076235737
"1346",-21.7485949053471
"1347",-21.7262834192271
"1348",-22.2880858999533
"1349",-22.2800006136733
"1350",-22.3678245933066
"1351",-31.3552776193395
"1352",-30.862948840273
"1353",-30.9021105069508
"1354",-30.8796624754775
"1355",-30.8796624754775
"1356",-30.9630351143756
"1357",-30.9630351143756
"1358",-30.9702716268556
"1359",-28.0755228329307
"1360",-29.1760483432898
"1361",-29.0116116529312
"1362",-29.0677037527955
"1363",-29.0491995719855
"1364",-29.0491995719855
"1365",-29.05584569417
"1366",-28.7444653487716
"1367",-30.7343995238616
"1368",-31.1606320171969
"1369",-31.4140253323817
"1370",-31.5317377854317
"1371",-31.5140634243517
"1372",-31.5546102608326
"1373",-31.5985055132621
"1374",-31.3592192729978
"1375",-6.65891017723172
"1376",-4.74828023924589
"1377",-5.2464590851472
"1378",-5.46792131306987
"1379",-5.59057746505272
"1380",-5.59300341912872
"1381",-6.99996785900249
"1382",-7.39049705056249
"1383",-18.5710031284292
"1384",-18.0957435511763
"1385",-17.5513220743347
"1386",-17.5625121164347
"1387",-17.685458954747
"1388",-18.1511477503137
"1389",-18.1677572459937
"1390",-18.2263589099873
"1391",-22.0420869476599
"1392",-21.5590423634845
"1393",-21.4626423634845
"1394",-21.3453090301511
"1395",-21.4253090301511
"1396",-21.545364367988
"1397",-22.1558527147645
"1398",-23.0852648268978
"1399",-23.0479314935645
"1400",-23.0479314935645
"1401",-23.487450004253
"1402",-24.3999387559809
"1403",-24.2999387559809
"1404",-24.1719387559809
"1405",-24.2519387559809
"1406",17.640489372912
"1407",15.6285614044528
"1408",14.4906118576749
"1409",14.4074456848557
"1410",11.4411542944138
"1411",8.36370639542933
"1412",17.640489372912
"1413",9.61453794328162
"1414",9.48960401016435
"1415",6.79747829859258
"1416",3.21536814070178
"1417",3.24952588304079
"1418",17.640489372912
"1419",-12.8802154389578
"1420",-21.1817245978337
"1421",-29.6652343181022
"1422",-25.9419065477853
"1423",17.640489372912
"1424",8.18538889857044
"1425",6.09212441014416
"1426",5.94693476832044
"1427",13.6020587215904
"1428",3.83585816221085
"1429",2.84321571573425
"1430",2.95965419168725
"1431",11.4206180057618
"1432",2.27178869452808
"1433",1.63282818450491
"1434",1.68964121875591
"1435",8.53477124530333
"1436",2.14703551311951
"1437",1.52259250434217
"1438",1.56458898409817
"1439",17.640489372912
"1440",8.18538889857044
"1441",6.09212441014416
"1442",5.94693476832044
"1443",4.25331552611278
"1444",-3.38379164990451
"1445",-3.59362245564084
"1446",-3.71271863867855
"1447",2.71208933927111
"1448",-3.43051436013498
"1449",-3.64034516587131
"1450",-3.78807913053703
"1451",2.69293317177212
"1452",-2.7829875682365
"1453",-3.09189940110117
"1454",-3.18348085276688
"1455",17.640489372912
"1456",8.18538889857044
"1457",6.09212441014416
"1458",5.94693476832044
"1459",-12.8802154389578
"1460",-19.518509753351
"1461",-20.7836846748986
"1462",-20.5123471652036
"1463",-21.1817245978337
"1464",-23.9034775385061
"1465",-25.3255640920277
"1466",-25.0280366561327
"1467",-29.6652343181022
"1468",-30.0386987982655
"1469",-31.1045157076238
"1470",-30.6730838041372
"1471",17.640489372912
"1472",13.9172212507501
"1473",13.9172212507501
"1474",13.9172212507501
"1475",13.9172212507501
"1476",13.9172212507501
"1477",13.9172212507501
"1478",13.9172212507501
"1479",13.9172212507501
"1480",13.9172212507501
"1481",13.9172212507501
"1482",13.9172212507501
"1483",13.9172212507501
"1484",13.9172212507501
"1485",13.9172212507501
"1486",13.9172212507501
"1487",13.9172212507501
"1488",13.9172212507501
"1489",13.9172212507501
"1490",13.9172212507501
"1491",13.9172212507501
"1492",13.9172212507501
"1493",13.9172212507501
"1494",13.9172212507501
"1495",13.9172212507501
"1496",13.9172212507501
"1497",13.9172212507501
"1498",13.9172212507501
"1499",13.9172212507501
"1500",13.9172212507501
"1501",13.4480285198088
"1502",13.6020587215904
"1503",9.79045661741485
"1504",9.79045661741485
"1505",9.79045661741485
"1506",9.79045661741485
"1507",9.79045661741485
"1508",9.79045661741485
"1509",9.79045661741485
"1510",9.79045661741485
"1511",9.79045661741485
"1512",9.79045661741485
"1513",9.79045661741485
"1514",9.79045661741485
"1515",9.79045661741485
"1516",9.79045661741485
"1517",9.79045661741485
"1518",9.79045661741485
"1519",9.79045661741485
"1520",9.79045661741485
"1521",9.79045661741485
"1522",9.79045661741485
"1523",9.79045661741485
"1524",9.79045661741485
"1525",9.79045661741485
"1526",9.79045661741485
"1527",9.79045661741485
"1528",9.79045661741485
"1529",9.79045661741485
"1530",9.79045661741485
"1531",9.79045661741485
"1532",9.40686886853189
"1533",11.4206180057618
"1534",7.77290190337
"1535",7.77290190337
"1536",7.77290190337
"1537",7.77290190337
"1538",7.77290190337
"1539",7.77290190337
"1540",7.77290190337
"1541",7.77290190337
"1542",7.77290190337
"1543",7.77290190337
"1544",7.77290190337
"1545",7.77290190337
"1546",7.77290190337
"1547",7.77290190337
"1548",7.77290190337
"1549",7.77290190337
"1550",7.77290190337
"1551",7.77290190337
"1552",7.77290190337
"1553",7.77290190337
"1554",7.77290190337
"1555",7.77290190337
"1556",7.77290190337
"1557",7.77290190337
"1558",7.77290190337
"1559",7.77290190337
"1560",7.77290190337
"1561",7.77290190337
"1562",7.77290190337
"1563",7.27252801144484
"1564",8.53477124530333
"1565",5.86501233580762
"1566",5.86501233580762
"1567",5.86501233580762
"1568",5.86501233580762
"1569",5.86501233580762
"1570",5.86501233580762
"1571",5.86501233580762
"1572",5.86501233580762
"1573",5.86501233580762
"1574",5.86501233580762
"1575",5.86501233580762
"1576",5.86501233580762
"1577",5.86501233580762
"1578",5.86501233580762
"1579",5.86501233580762
"1580",5.86501233580762
"1581",5.86501233580762
"1582",5.86501233580762
"1583",5.86501233580762
"1584",5.86501233580762
"1585",5.86501233580762
"1586",5.86501233580762
"1587",5.86501233580762
"1588",5.86501233580762
"1589",5.86501233580762
"1590",5.86501233580762
"1591",5.86501233580762
"1592",5.86501233580762
"1593",5.86501233580762
"1594",5.56575067314417
"1595",4.25331552611278
"1596",1.44607516371345
"1597",1.44607516371345
"1598",1.44607516371345
"1599",1.44607516371345
"1600",1.44607516371345
"1601",1.44607516371345
"1602",1.44607516371345
"1603",1.44607516371345
"1604",1.44607516371345
"1605",1.44607516371345
"1606",1.44607516371345
"1607",1.44607516371345
"1608",1.44607516371345
"1609",1.44607516371345
"1610",1.44607516371345
"1611",1.44607516371345
"1612",1.44607516371345
"1613",1.44607516371345
"1614",1.44607516371345
"1615",1.44607516371345
"1616",1.44607516371345
"1617",1.44607516371345
"1618",1.44607516371345
"1619",1.44607516371345
"1620",1.44607516371345
"1621",1.44607516371345
"1622",1.44607516371345
"1623",1.44607516371345
"1624",1.44607516371345
"1625",1.04246851027762
"1626",2.71208933927111
"1627",0.442786127811781
"1628",0.442786127811781
"1629",0.442786127811781
"1630",0.442786127811781
"1631",0.442786127811781
"1632",0.442786127811781
"1633",0.442786127811781
"1634",0.442786127811781
"1635",0.442786127811781
"1636",0.442786127811781
"1637",0.442786127811781
"1638",0.442786127811781
"1639",0.442786127811781
"1640",0.442786127811781
"1641",0.442786127811781
"1642",0.442786127811781
"1643",0.442786127811781
"1644",0.442786127811781
"1645",0.442786127811781
"1646",0.442786127811781
"1647",0.442786127811781
"1648",0.442786127811781
"1649",0.442786127811781
"1650",0.442786127811781
"1651",0.442786127811781
"1652",0.442786127811781
"1653",0.442786127811781
"1654",0.442786127811781
"1655",0.442786127811781
"1656",0.19076252079995
"1657",2.69293317177212
"1658",0.58115632181145
"1659",0.58115632181145
"1660",0.58115632181145
"1661",0.58115632181145
"1662",0.58115632181145
"1663",0.58115632181145
"1664",0.58115632181145
"1665",0.58115632181145
"1666",0.58115632181145
"1667",0.58115632181145
"1668",0.58115632181145
"1669",0.58115632181145
"1670",0.58115632181145
"1671",0.58115632181145
"1672",0.58115632181145
"1673",0.58115632181145
"1674",0.58115632181145
"1675",0.58115632181145
"1676",0.58115632181145
"1677",0.58115632181145
"1678",0.58115632181145
"1679",0.58115632181145
"1680",0.58115632181145
"1681",0.58115632181145
"1682",0.58115632181145
"1683",0.58115632181145
"1684",0.58115632181145
"1685",0.58115632181145
"1686",0.58115632181145
"1687",0.297619220485618
"1688",-12.8802154389578
"1689",-15.3711134343381
"1690",-15.3711134343381
"1691",-15.3711134343381
"1692",-15.3711134343381
"1693",-15.3711134343381
"1694",-15.3711134343381
"1695",-15.3711134343381
"1696",-15.3711134343381
"1697",-15.3711134343381
"1698",-15.3711134343381
"1699",-15.3711134343381
"1700",-15.3711134343381
"1701",-15.3711134343381
"1702",-15.3711134343381
"1703",-15.3711134343381
"1704",-15.3711134343381
"1705",-15.3711134343381
"1706",-15.3711134343381
"1707",-15.3711134343381
"1708",-15.3711134343381
"1709",-15.3711134343381
"1710",-15.3711134343381
"1711",-15.3711134343381
"1712",-15.3711134343381
"1713",-15.3711134343381
"1714",-15.3711134343381
"1715",-15.3711134343381
"1716",-15.3711134343381
"1717",-15.3711134343381
"1718",-16.0219015548948
"1719",-21.1817245978337
"1720",-21.702823223904
"1721",-21.702823223904
"1722",-21.702823223904
"1723",-21.702823223904
"1724",-21.702823223904
"1725",-21.702823223904
"1726",-21.702823223904
"1727",-21.702823223904
"1728",-21.702823223904
"1729",-21.702823223904
"1730",-21.702823223904
"1731",-21.702823223904
"1732",-21.702823223904
"1733",-21.702823223904
"1734",-21.702823223904
"1735",-21.702823223904
"1736",-21.702823223904
"1737",-21.702823223904
"1738",-21.702823223904
"1739",-21.702823223904
"1740",-21.702823223904
"1741",-21.702823223904
"1742",-21.702823223904
"1743",-21.702823223904
"1744",-21.702823223904
"1745",-21.702823223904
"1746",-21.702823223904
"1747",-21.702823223904
"1748",-21.702823223904
"1749",-21.934225879744
"1750",-29.6652343181022
"1751",-30.1249519502022
"1752",-30.1249519502022
"1753",-30.1249519502022
"1754",-30.1249519502022
"1755",-30.1249519502022
"1756",-30.1249519502022
"1757",-30.1249519502022
"1758",-30.1249519502022
"1759",-30.1249519502022
"1760",-30.1249519502022
"1761",-30.1249519502022
"1762",-30.1249519502022
"1763",-30.1249519502022
"1764",-30.1249519502022
"1765",-30.1249519502022
"1766",-30.1249519502022
"1767",-30.1249519502022
"1768",-30.1249519502022
"1769",-30.1249519502022
"1770",-30.1249519502022
"1771",-30.1249519502022
"1772",-30.1249519502022
"1773",-30.1249519502022
"1774",-30.1249519502022
"1775",-30.1249519502022
"1776",-30.1249519502022
"1777",-30.1249519502022
"1778",-30.1249519502022
"1779",-30.1249519502022
"1780",-29.6758788381222
"1781",18.8187624014764
"1782",19.1247415140352
"1783",14.9008233459326
"1784",-7.37825546971594
"1785",-23.9679641392281
"1786",-25.386645462524
"1787",13.5808020728025
"1788",13.5808020728025
"1789",13.5808020728025
"1790",13.5808020728025
"1791",10.8963629792108
"1792",10.5117726169885
"1793",9.55461203112393
"1794",9.55461203112393
"1795",9.55461203112393
"1796",8.91095036366167
"1797",6.62781067756173
"1798",6.41790396768173
"1799",2.55424464500186
"1800",2.55424464500186
"1801",2.55424464500186
"1802",2.55424464500186
"1803",3.02055544781324
"1804",2.63596508559101
"1805",3.15479961627101
"1806",2.53634649119323
"1807",21.3170266924338
"1808",17.6510595318876
"1809",15.3871564410483
"1810",9.16066319723424
"1811",-19.4820797779726
"1812",-31.115336350809
"1813",-34.4155429814723
"1814",-33.940711365239
"1815",20.8091745339191
"1816",17.027265344423
"1817",13.4702994517503
"1818",6.86181318721069
"1819",-11.6683499250933
"1820",-15.1326944927694
"1821",-18.1063947800172
"1822",-29.6002170961404
"1823",-30.4470765041238
"1824",13.9205254391916
"1825",11.1688466667215
"1826",8.79969918869447
"1827",2.3515493246406
"1828",-10.3082619990478
"1829",-12.209136535595
"1830",-13.3391272890977
"1831",-20.2814724920512
"1832",-21.5967149229941
"1833",-20.1020238734374
"1834",-18.8874666220869
"1835",-18.1333599554203
"1836",-17.8378899554203
"1837",-24.6614485930736
"1838",-24.2032495097403
"1839",-24.0183385930736
"1840",17.0301683394204
"1841",19.6543133579405
"1842",17.2277030189006
"1843",18.3872273019923
"1844",16.3517998266904
"1845",17.3358485019288
"1846",15.9912838611276
"1847",20.6611585531757
"1848",-26.6095437427743
"1849",-28.2964707081164
"1850",-16.2453441691244
"1851",3.38931223089661
"1852",10.0699605037763
"1853",17.1983241468722
"1854",-0.834205797487477
"1855",-2.04560029321569
"1856",-1.99633674790884
"1857",-1.69749996205708
"1858",1.06838635392369
"1859",-0.153822278117728
"1860",1.76867413517229
"1861",4.50870731564131
"1862",-32.3835374999465
"1863",-31.9641289057208
"1864",-16.970571979727
"1865",3.56289032726689
"1866",8.23394250527892
"1867",14.2616087426819
"1868",20.868028854322
"1869",20.1706612563608
"1870",20.0260304360155
"1871",19.901495644053
"1872",19.901495644053
"1873",-4.05699518530082
"1874",-4.51176698011916
"1875",-6.28068767380782
"1876",-16.7028688478298
"1877",-42.9114086987584
"1878",-42.3667479632283
"1879",9.27810680969952
"1880",7.07298337291838
"1881",0.681093445974597
"1882",-1.40579193152274
"1883",-6.21930411136196
"1884",-7.32482486334362
"1885",-29.6107956850893
"1886",-31.6364986196059
"1887",-31.1948209377626
"1888",-33.4663929628265
"1889",-35.6325349493948
"1890",-40.1886314401368
"1891",34.2785998365169
"1892",32.244862787546
"1893",-6.13833561112944
"1894",-19.4423950981882
"1895",-35.5005083886718
"1896",-39.6410615167354
"1897",-40.212963530771
"1898",34.6028336141636
"1899",31.7898273231911
"1900",2.46923501657884
"1901",-11.7015742720621
"1902",-44.0495262656603
"1903",33.6606839703922
"1904",29.1655214654057
"1905",24.7793612909209
"1906",-12.7194131307021
"1907",-25.9348571844983
"1908",-43.9311148314417
"1909",-45.3578353108792
"1910",-45.3684765807205
"1911",34.380566947497
"1912",32.51276174817
"1913",29.6485977803219
"1914",23.6389954846054
"1915",-2.0691608310402
"1916",-13.6046234006587
"1917",-23.8582847886432
"1918",-32.2667519759296
"1919",-44.7031107077046
"1920",-45.0852075331014
"1921",-45.1054075331014
"1922",34.6975812332112
"1923",34.6038812332112
"1924",32.5632034554335
"1925",-7.78210582180987
"1926",-16.7773153277065
"1927",-36.039299612355
"1928",-44.8555424537363
"1929",-45.314663088657
"1930",-45.4073964219903
"1931",31.2752177146681
"1932",29.1916710271746
"1933",-37.004825359093
"1934",34.1142229527319
"1935",29.0369014971517
"1936",22.4745910199944
"1937",2.18976177050303
"1938",-9.29160118273951
"1939",-22.2855149757471
"1940",31.6609156317104
"1941",28.0374301930203
"1942",-43.9825183059524
"1943",-44.5806624304762
"1944",-44.572748144762
"1945",34.2298217094017
"1946",-7.31340576069697
"1947",-23.5572854001928
"1948",-39.3923758823672
"1949",-44.3555394146032
"1950",-44.9329489384128
"1951",-2.56469335770361
"1952",-25.4042461041241
"1953",-26.5807897073207
"1954",-26.3592759506541
"1955",-26.3390664268446
"1956",-26.5552981728712
"1957",-26.4489288607112
"1958",-26.3906219823779
"1959",-30.8714581516773
"1960",-32.2150158523664
"1961",-32.666554236227
"1962",-32.6551875695603
"1963",-32.7691392365203
"1964",-32.5805032576936
"1965",-32.3780297126936
"1966",-33.1850947550007
"1967",-33.6474210752497
"1968",-34.0149594591104
"1969",-34.0727900713556
"1970",-34.2515694364394
"1971",-34.1999884840794
"1972",-34.0318265792794
"1973",-37.3436154287223
"1974",-39.6389819630502
"1975",-39.6429819630502
"1976",-39.6789685431818
"1977",-39.520986532569
"1978",-39.5259389135214
"1979",-39.3087674849328
"1980",-0.112972025535678
"1981",0.0163236025756532
"1982",0.0976307977499271
"1983",0.226552239691173
"1984",-0.14745471944768
"1985",-0.0176525499936808
"1986",0.0776640011077525
"1987",0.181094939217505
"1988",-0.213517216353079
"1989",-0.224999533489651
"1990",0.0154660816803514
"1991",-0.00291602166789318
"1992",-3.74730797742392
"1993",-3.82823384904421
"1994",-3.81659383595221
"1995",-3.52283135083654
"1996",-7.27213022592878
"1997",-23.4606633243946
"1998",-24.7333690908217
"1999",-24.3823241171017
"2000",-24.2967948652331
"2001",-24.4671134228276
"2002",-24.6160806185876
"2003",-24.287348908571
"2004",-27.7566476453564
"2005",-29.8144438576182
"2006",-29.8205930639232
"2007",-29.8791459378432
"2008",-29.9917989990146
"2009",-30.1437291577746
"2010",-29.8055635853046
"2011",-31.8472368280285
"2012",-32.2245996450445
"2013",-32.2815044068779
"2014",-32.2706487759064
"2015",-32.3928018371479
"2016",-32.5856065991079
"2017",-32.3008087154379
"2018",-37.717459820996
"2019",-38.8210516104511
"2020",-38.7180886475011
"2021",-38.7220674837877
"2022",-38.8752117358541
"2023",-38.8752117358541
"2024",-38.9432180851941
"2025",-0.0809565870025502
"2026",-0.0994919280928386
"2027",-0.0980895008841713
"2028",-0.208850123215708
"2029",-0.0831484168676777
"2030",-0.102318678577969
"2031",-0.100845704632636
"2032",-0.203812536464174
"2033",-0.0995545205635064
"2034",-0.120121607661796
"2035",-0.118648633716463
"2036",-0.220681225172431
"2037",-0.902513794734024
"2038",-0.916449488581204
"2039",-1.01705344127511
"2040",-1.19647180436144
"2041",-13.0121307171186
"2042",-13.4032438651856
"2043",-12.4956418888192
"2044",-13.329280778944
"2045",-12.7827917627186
"2046",-13.4772438651856
"2047",-12.2663029344192
"2048",-13.329280778944
"2049",-11.3779631643064
"2050",-12.2722336165234
"2051",-11.194240336807
"2052",-12.0350016102818
"2053",-12.0804666804509
"2054",-13.73708647509
"2055",-11.4608814088849
"2056",-13.6631233888484
"2057",-12.7572666804509
"2058",-13.81108647509
"2059",-12.1376814088849
"2060",-13.6631233888484
"2061",-10.6844380820387
"2062",-11.9380762264278
"2063",-10.3976188112726
"2064",-11.7008442201862
"2065",-23.106867790603
"2066",-17.0151413507429
"2067",-21.9153129180963
"2068",-22.9260115649121
"2069",-23.7471199519359
"2070",-15.7123997751375
"2071",-15.3873286108841
"2072",-22.9674102784499
"2073",-4.02104540747886
"2074",-5.64998345814204
"2075",-6.44197857935012
"2076",-6.44197857935012
"2077",-14.1780083600559
"2078",-12.9699672176064
"2079",-12.6629929643896
"2080",-12.6652956009918
"2081",-14.2012083600559
"2082",-12.9931672176064
"2083",-12.7093929643896
"2084",-12.7116956009918
"2085",-15.7001772457713
"2086",-14.6006961033218
"2087",-14.5022062945494
"2088",-14.3121355978182
"2089",-29.702175906702
"2090",-32.921862922575
"2091",-32.925304542374
"2092",-33.0038180344375
"2093",-17.7848087400945
"2094",-17.8004307458665
"2095",-17.6135913519271
"2096",-18.0209554544912
"2097",-17.9029230258088
"2098",-17.9185450315808
"2099",-17.7240056376414
"2100",-18.1313697402055
"2101",-17.9029230258088
"2102",-17.9185450315808
"2103",-17.7540056376414
"2104",-18.1613697402055
"2105",-18.6195658829516
"2106",-18.7096611210469
"2107",-18.4861217271075
"2108",-18.7626358296716
"2109",-24.7644000994314
"2110",-25.3258858137171
"2111",-25.828873692505
"2112",-25.9204377950691
"2113",-17.0916766440029
"2114",-17.6950241115864
"2115",-17.7859384249873
"2116",-17.8434384249873
"2117",-22.3159659581394
"2118",-21.9766381205086
"2119",-21.4573743718508
"2120",-21.4774315369079
"2121",-23.5427440717578
"2122",-24.1400162341271
"2123",-23.9366560443169
"2124",-23.828513209374
"2125",-24.8745370597721
"2126",-26.1830638531747
"2127",-25.5717036633645
"2128",-25.4870608284217
"2129",-37.8027784785493
"2130",-39.9728538631647
"2131",-39.6191908595017
"2132",-39.6148694309303
"2133",-18.6002100445194
"2134",-18.3680026873571
"2135",-18.2600927672771
"2136",-18.4144252459096
"2137",-18.0713308968555
"2138",-17.7735000548447
"2139",-17.7321206375952
"2140",-17.9540531162277
"2141",-18.1753308968555
"2142",-17.9035000548447
"2143",-17.8621206375952
"2144",-18.0840531162277
"2145",-19.640448379373
"2146",-19.5919963252409
"2147",-19.4766026222772
"2148",-19.532468434243
"2149",-26.9080309118698
"2150",-27.8312150388539
"2151",-28.3164057925446
"2152",-28.5344827156216
"2153",-27.0152620198918
"2154",-27.3352744908341
"2155",-27.4234594448349
"2156",-27.4809594448349
"2157",-29.543028991444
"2158",-29.3339933115904
"2159",-29.2964984377811
"2160",-29.6129513923985
"2161",-29.6815897757578
"2162",-29.4378874292374
"2163",-29.8059925554282
"2164",-30.1034455100455
"2165",-32.8620521855702
"2166",-33.6575212676213
"2167",-33.890462010212
"2168",-33.8146555389055
"2169",-41.1520440590908
"2170",-41.7242061494062
"2171",-41.9439083638584
"2172",-41.8343369352869
"2173",-19.6830673689459
"2174",-19.9134173710909
"2175",-19.9577508476471
"2176",-20.0096462688925
"2177",-19.6830673689459
"2178",-19.9134173710909
"2179",-19.9577508476471
"2180",-20.0096462688925
"2181",-19.6830673689459
"2182",-19.9134173710909
"2183",-19.9577508476471
"2184",-20.0096462688925
"2185",-19.6830673689459
"2186",-19.9134173710909
"2187",-19.9577508476471
"2188",-20.0096462688925
"2189",-19.6830673689459
"2190",-19.9134173710909
"2191",-19.9577508476471
"2192",-20.0096462688925
"2193",23.2406185277451
"2194",24.2999692425794
"2195",24.3091810425794
"2196",24.2488183225794
"2197",24.2723116940079
"2198",23.7070668297222
"2199",23.8470099163889
"2200",23.7894745608333
"2201",20.7302150590055
"2202",21.116960255735
"2203",21.126172055735
"2204",21.095805855735
"2205",20.9797621458172
"2206",20.6340202315315
"2207",20.6838125981982
"2208",20.6793613981982
"2209",41.6152265596021
"2210",41.5011275497011
"2211",41.2181275497012
"2212",41.2227591286485
"2213",40.5187334327065
"2214",26.8661568834452
"2215",26.7520578735443
"2216",26.769988908027
"2217",26.7121233618085
"2218",26.8866337850299
"2219",26.8599671183632
"2220",26.8879671183632
"2221",26.880542875939
"2222",26.885542875939
"2223",26.885542875939
"2224",26.8458770233753
"2225",26.7317780134743
"2226",26.7497090479571
"2227",26.6918435017386
"2228",26.8260784066186
"2229",26.8663539249599
"2230",26.8396872582933
"2231",26.8396872582933
"2232",26.8676872582933
"2233",26.860263015869
"2234",26.865263015869
"2235",27.0131615665937
"2236",26.0904749001362
"2237",25.9763758902352
"2238",25.9658044616638
"2239",25.8785103440167
"2240",26.0296683258199
"2241",26.1099438441612
"2242",26.0632771774945
"2243",26.0632771774945
"2244",26.1112771774945
"2245",26.1112771774945
"2246",26.1262771774945
"2247",26.1262771774945
"2248",26.1391757282192
"2249",25.0566093539177
"2250",24.9425103440168
"2251",24.9425103440168
"2252",24.9425103440168
"2253",24.9505103440168
"2254",24.9505103440168
"2255",24.9505103440168
"2256",24.9505103440168
"2257",24.9505103440168
"2258",24.9505103440168
"2259",25.0616683258199
"2260",25.0566093539177
"2261",24.9425103440168
"2262",24.9425103440168
"2263",24.9425103440168
"2264",27.8826987255273
"2265",27.9006297600101
"2266",27.9420583314387
"2267",28.0348980750284
"2268",28.0348980750284
"2269",28.0348980750284
"2270",28.0482314083617
"2271",28.0362314083617
"2272",28.0765091861395
"2273",28.0740849437153
"2274",28.0740849437153
"2275",28.0740849437153
"2276",27.7686501611066
"2277",29.0463388535153
"2278",29.0817674249439
"2279",29.1830174249439
"2280",29.1830174249439
"2281",29.307940501867
"2282",29.307940501867
"2283",29.307940501867
"2284",29.3137182796447
"2285",29.2762182796447
"2286",29.1871273705538
"2287",26.2664922858318
"2288",26.2664922858318
"2289",26.3019208572604
"2290",26.3019208572604
"2291",26.2831708572604
"2292",26.4080939341834
"2293",26.4080939341834
"2294",26.2880939341834
"2295",26.3360939341834
"2296",26.2664922858318
"2297",26.2664922858318
"2298",26.2664922858318
"2299",26.2664922858318
"2300",26.2664922858318
"2301",26.3019208572604
"2302",26.3019208572604
"2303",26.3019208572604
"2304",26.2831708572604
"2305",26.2831708572604
"2306",14.9625064747628
"2307",14.9625064747628
"2308",14.9625064747628
"2309",14.9625064747628
"2310",14.9625064747628
"2311",14.9625064747628
"2312",14.9625064747628
"2313",14.9625064747628
"2314",14.9625064747628
"2315",14.9625064747628
"2316",14.9625064747628
"2317",15.1625064747628
"2318",14.9625064747628
"2319",14.9625064747628
"2320",14.9625064747628
"2321",14.9625064747628
"2322",14.9625064747628
"2323",14.9625064747628
"2324",14.9625064747628
"2325",14.9625064747628
"2326",14.9625064747628
"2327",14.9625064747628
"2328",14.9625064747628
"2329",14.9625064747628
"2330",15.2425064747628
"2331",14.9625064747628
"2332",14.9625064747628
"2333",14.9625064747628
"2334",14.9625064747628
"2335",14.9625064747628
"2336",14.9625064747628
"2337",14.9625064747628
"2338",14.9625064747628
"2339",14.9625064747628
"2340",14.9625064747628
"2341",14.9625064747628
"2342",14.9625064747628
"2343",14.9625064747628
"2344",14.9625064747628
"2345",15.1625064747628
"2346",-14.3645639238875
"2347",-11.84926770778
"2348",-11.8347219913934
"2349",-16.9825676905164
"2350",-14.1283849611149
"2351",-14.1283849611149
"2352",-16.2892146837014
"2353",-13.5696619763695
"2354",-13.5696619763695
"2355",-15.8309713210459
"2356",-13.455755176844
"2357",-13.455755176844
"2358",-3.66026434771146
"2359",-3.52820720485432
"2360",-3.56660720485432
"2361",-3.61062942707655
"2362",-3.6277722842194
"2363",-3.6389722842194
"2364",-3.5909722842194
"2365",-4.4251911446181
"2366",-4.38581300841738
"2367",-5.43984786984216
"2368",-5.44079072698502
"2369",-5.47619072698502
"2370",-5.46419072698502
"2371",-5.46419072698502
"2372",-5.46419072698502
"2373",-5.26819072698502
"2374",-5.12801814633986
"2375",-5.64699072698502
"2376",-5.84279072698502
"2377",-5.84279072698502
"2378",-5.83319072698502
"2379",-5.83319072698502
"2380",-5.84519072698502
"2381",-5.83016294920725
"2382",-5.67706294920725
"2383",-7.55354336795079
"2384",1.42290294164934
"2385",1.35590294164933
"2386",1.27305129329769
"2387",1.2284359086823
"2388",1.5014359086823
"2389",1.5014359086823
"2390",1.46502565227205
"2391",5.32881190091618
"2392",6.10565398475826
"2393",6.08923090783519
"2394",6.09723090783519
"2395",6.0646155232198
"2396",6.03410783091211
"2397",4.90093155378758
"2398",9.37089789260754
"2399",9.75146932117897
"2400",9.73504624425589
"2401",9.69043085964051
"2402",9.69043085964051
"2403",9.67343085964051
"2404",9.54768726989692
"2405",-3.31473477998531
"2406",-3.18267763712817
"2407",-3.20607763712817
"2408",-3.26509985935039
"2409",-3.28224271649325
"2410",-3.29344271649325
"2411",-3.24544271649325
"2412",-3.97346157689194
"2413",-4.04028344069122
"2414",-3.18026541915013
"2415",-3.04820827629299
"2416",-3.08660827629299
"2417",-3.12440827629299
"2418",-3.14777335565807
"2419",-3.18697335565807
"2420",-3.18697335565807
"2421",-3.20689557788029
"2422",-3.14271744167957
"2423",-1.58588908437379
"2424",-1.46068908437379
"2425",-1.45108908437379
"2426",-1.45588908437379
"2427",-1.43125416373887
"2428",-1.43125416373887
"2429",-1.47925416373888
"2430",-1.5959763859611
"2431",-1.70499824976038
"2432",-2.47835106698936
"2433",6.93316829825048
"2434",7.18613126121345
"2435",7.3052796128618
"2436",7.3052796128618
"2437",7.29195183508402
"2438",7.23095183508402
"2439",7.10065268978487
"2440",6.73233579187762
"2441",5.76066968878976
"2442",6.05025819287826
"2443",6.17871423683431
"2444",6.11185440777448
"2445",6.12210440777448
"2446",6.10243307910315
"2447",5.67685756757764
"2448",5.9600824353025
"2449",6.08559442331449
"2450",6.06534997887005
"2451",6.05298459425466
"2452",6.04700557327564
"2453",5.7522302375003
"2454",-3.31473477998531
"2455",-3.18267763712817
"2456",-3.20607763712817
"2457",-3.26509985935039
"2458",-3.28224271649325
"2459",-3.29344271649325
"2460",-3.24544271649325
"2461",-4.07966157689194
"2462",-3.98228344069122
"2463",-5.69442736904354
"2464",-2.57200066704496
"2465",-2.48894352418782
"2466",-2.37916574641004
"2467",-2.39036574641004
"2468",-2.30236574641004
"2469",-2.48383205465377
"2470",-2.44010983243155
"2471",-6.08219305071476
"2472",-6.30019305071476
"2473",-6.28019305071476
"2474",-6.28019305071476
"2475",-6.37841527293698
"2476",-5.96251422212629
"2477",2.90695395127748
"2478",2.94195395127749
"2479",2.52945395127749
"2480",2.52945395127749
"2481",2.52945395127749
"2482",2.52945395127749
"2483",2.52945395127749
"2484",2.37719481362685
"2485",7.84739734119151
"2486",8.36408636968651
"2487",7.95158636968651
"2488",7.94327867737882
"2489",7.94327867737882
"2490",7.94327867737882
"2491",7.94327867737882
"2492",7.85133807751618
"2493",6.14901122238818
"2494",29.0375723942498
"2495",29.1425530821498
"2496",29.1425530821498
"2497",29.2800530821498
"2498",29.2800530821498
"2499",28.7300530821498
"2500",19.5817036367004
"2501",20.7416248413288
"2502",20.7416248413288
"2503",20.7416248413288
"2504",20.7416248413288
"2505",20.7416248413288
"2506",20.7416248413288
"2507",20.7416248413288
"2508",20.7416248413288
"2509",20.7416248413288
"2510",20.7416248413288
"2511",20.7416248413288
"2512",20.7416248413288
"2513",20.7416248413288
"2514",20.7416248413288
"2515",20.7416248413288
"2516",22.1432657157929
"2517",22.1432657157929
"2518",22.1432657157929
"2519",22.1432657157929
"2520",22.1432657157929
"2521",22.1432657157929
"2522",22.1432657157929
"2523",22.1432657157929
"2524",22.1432657157929
"2525",22.1432657157929
"2526",22.1432657157929
"2527",22.1432657157929
"2528",22.1432657157929
"2529",22.1432657157929
"2530",22.5566988060944
"2531",22.5566988060944
"2532",22.5566988060944
"2533",22.5566988060944
"2534",22.5566988060944
"2535",16.9852401948496
"2536",16.9852401948496
"2537",16.9852401948496
"2538",16.9852401948496
"2539",16.9852401948496
"2540",-29.723097646966
"2541",-30.5652648623294
"2542",-30.6345961772192
"2543",-30.8024469094709
"2544",-33.81420422749
"2545",-34.0104098375867
"2546",-28.0514938168525
"2547",-25.8183547555942
"2548",-26.5219317960164
"2549",-26.6575263164531
"2550",-27.6057941545294
"2551",-28.0893363166
"2552",-28.0346077154075
"2553",-26.3795111999959
"2554",-26.7318577456719
"2555",-26.8589043210686
"2556",-27.2760127532995
"2557",-27.8938562853102
"2558",-29.723097646966
"2559",-30.5652648623294
"2560",-30.8024469094709
"2561",-33.81420422749
"2562",-34.0104098375867
"2563",-5.75293793342491
"2564",-5.98133365677222
"2565",-5.91614494484689
"2566",-5.92349806821189
"2567",-5.8100100066975
"2568",4.38036757005007
"2569",4.09692727666316
"2570",5.06436300371949
"2571",5.78517046352969
"2572",5.97887313594469
"2573",5.64275148718388
"2574",-22.9153713890728
"2575",-23.9591452933844
"2576",-23.9526408343629
"2577",-24.114472747453
"2578",-25.3563792801701
"2579",-21.0379246083243
"2580",-23.3171602649931
"2581",-23.4021312916301
"2582",-22.9399268049234
"2583",-23.2185245351083
"2584",-13.3463553104875
"2585",-12.1294698525373
"2586",-13.63149424399
"2587",-14.031636657612
"2588",-14.4142975440886
"2589",4.38036757005007
"2590",4.09692727666316
"2591",5.06436300371949
"2592",5.78517046352969
"2593",5.97887313594469
"2594",5.64275148718388
"2595",-6.3133004115087
"2596",-6.3127436323656
"2597",-5.51434440828155
"2598",-5.71251531380013
"2599",-6.22525656436642
"2600",-6.49877825047575
"2601",-13.3463553104875
"2602",-12.1294698525373
"2603",-13.63149424399
"2604",-14.031636657612
"2605",-14.4142975440886
"2606",-23.8737199621402
"2607",-24.8378806652449
"2608",-24.7112213435149
"2609",-25.1205193252476
"2610",-25.2740486824504
"2611",-29.1800868092519
"2612",-30.2666104741982
"2613",-31.2048211910647
"2614",-33.968060665975
"2615",-33.920160518315
"2616",-22.3987647861828
"2617",-23.2012417015299
"2618",-23.7698006795662
"2619",-23.8322467740762
"2620",-25.3686341473834
"2621",-21.4479251228415
"2622",-22.9336033302156
"2623",-22.8665066519437
"2624",-22.374257425527
"2625",-22.9750999972519
"2626",-4.78574420050589
"2627",-5.74737300501025
"2628",-6.24085868918491
"2629",-6.24821181254991
"2630",-6.08755041770219
"2631",-13.630707950758
"2632",-13.1379373124247
"2633",-12.6199373124247
"2634",-12.6199373124247
"2635",-12.6199373124247
"2636",-12.6175416110913
"2637",-12.124770972758
"2638",-11.890849372758
"2639",-11.890849372758
"2640",-11.890849372758
"2641",-12.2642378090834
"2642",-11.77146717075
"2643",-11.53754557075
"2644",-11.53754557075
"2645",-11.53754557075
"2646",-12.3361508651644
"2647",-11.8433802268311
"2648",-11.6094586268311
"2649",-11.6094586268311
"2650",-11.6094586268311
"2651",-13.4799195831237
"2652",-12.9871489447904
"2653",-12.7532273447904
"2654",-12.7532273447904
"2655",-12.7532273447904
"2656",-12.2864099648969
"2657",-11.9266393265636
"2658",-11.6927177265636
"2659",-11.6927177265636
"2660",-11.6927177265636
"2661",-11.0541289939026
"2662",-10.6943583555693
"2663",-10.4604367555693
"2664",-10.4604367555693
"2665",-10.4604367555693
"2666",-10.5534623272359
"2667",-10.1936916889026
"2668",-9.9597700889026
"2669",-9.9597700889026
"2670",-9.9597700889026
"2671",-11.3363464298106
"2672",-10.7701080739999
"2673",-10.5361864739999
"2674",-10.5361864739999
"2675",-10.5361864739999
"2676",-10.6268550091928
"2677",-10.1570263062594
"2678",-9.92310470625943
"2679",-9.92310470625943
"2680",-9.92310470625943
"2681",-11.4496710142411
"2682",-10.5825003759077
"2683",-11.0417003759077
"2684",-11.0417003759077
"2685",-10.8077787759077
"2686",-10.8077787759077
"2687",-10.8077787759077
"2688",-10.8077787759077
"2689",-10.8077787759077
"2690",-10.8077787759077
"2691",-10.8077787759077
"2692",-10.8077787759077
"2693",-10.8077787759077
"2694",-10.8077787759077
"2695",-10.8077787759077
"2696",-11.3700884501491
"2697",-10.3446500943384
"2698",-10.8038500943384
"2699",-10.8038500943384
"2700",-10.5699284943384
"2701",-10.5699284943384
"2702",-10.5699284943384
"2703",-10.5699284943384
"2704",-10.5699284943384
"2705",-10.5699284943384
"2706",-10.5699284943384
"2707",-10.5699284943384
"2708",-10.5699284943384
"2709",-10.5699284943384
"2710",-10.5699284943384
"2711",-10.9119069471233
"2712",-9.85614109131265
"2713",-9.87908302671265
"2714",-9.87908302671265
"2715",-9.64516142671265
"2716",-9.64516142671265
"2717",-10.6605970295312
"2718",-10.1678263911979
"2719",-10.1907683265979
"2720",-10.1907683265979
"2721",-9.95684672659789
"2722",-10.6605970295312
"2723",-10.1678263911979
"2724",-10.1907683265979
"2725",-10.1907683265979
"2726",-9.95684672659789
"2727",39.8328581972678
"2728",39.1883612879478
"2729",38.2574951771778
"2730",35.43572105308
"2731",31.845248643528
"2732",23.2283404769604
"2733",-5.50618607682875
"2734",-20.3895675216587
"2735",-21.0745232582787
"2736",-24.141733089092
"2737",-28.0833443768433
"2738",-41.1127483154147
"2739",-40.0516204650807
"2740",-40.1477353079474
"2741",26.9324912773401
"2742",27.1309076073116
"2743",26.9957135833116
"2744",26.6174218853292
"2745",24.5357299275266
"2746",21.8697635804422
"2747",14.6703792593331
"2748",6.30039810082266
"2749",-0.614246615913476
"2750",-15.8885860351585
"2751",-21.7767002446158
"2752",-23.8358392993274
"2753",-24.5518425141208
"2754",-25.8307787989208
"2755",-25.8307787989208
"2756",33.3058923724577
"2757",6.17551990183457
"2758",5.80849699725356
"2759",4.2890474531641
"2760",0.706427515512878
"2761",-5.68054860837327
"2762",-8.39774269778797
"2763",-9.41089658570047
"2764",-16.2641949225027
"2765",-19.8106847179929
"2766",-21.0318229290668
"2767",-21.0403595144668
"2768",-12.7078460296174
"2769",-20.8841540932769
"2770",-21.79098440284
"2771",-24.0060288131633
"2772",-26.1657342186945
"2773",-29.6677241904574
"2774",-29.8925022011289
"2775",-29.9724995431618
"2776",-12.2813589374589
"2777",-25.5706073385704
"2778",-26.936125735525
"2779",-31.9302005087362
"2780",-33.4997719857858
"2781",-33.8295817862238
"2782",-38.4375793766918
"2783",-38.5224135293708
"2784",-19.7129592084046
"2785",-19.9149011983585
"2786",-20.56063870749
"2787",-20.4911348832072
"2788",-21.1899015646234
"2789",-21.6571927482596
"2790",-21.5514698464501
"2791",-20.2836536368572
"2792",-20.6896930960348
"2793",-21.3137852938291
"2794",-21.3609080463339
"2795",-21.552592598187
"2796",-22.0468960381565
"2797",-22.1284460757946
"2798",-22.4471676626977
"2799",-22.5575519786216
"2800",-23.4305335367368
"2801",-23.7983400843369
"2802",-23.9695553519683
"2803",-24.3135546934786
"2804",-24.8003602064365
"2805",-26.8219514063749
"2806",-26.9180317688239
"2807",-27.4116605192926
"2808",-28.0015413917994
"2809",-28.2203177498089
"2810",-28.7073814260549
"2811",-29.5745223243083
"2812",-27.0667408562083
"2813",-27.3249792961788
"2814",-27.4560955027259
"2815",-28.2115680011343
"2816",-28.3920689791536
"2817",-29.0081511872711
"2818",-29.7749799172502
"2819",-31.7452904327098
"2820",-31.8509327112023
"2821",-31.9844751892846
"2822",-32.0976142786328
"2823",-32.1787838693995
"2824",-32.1787838693995
"2825",-32.1792331627701
"2826",-31.7584773362277
"2827",-31.9667775817174
"2828",-32.011193158973
"2829",-31.9463891617612
"2830",-31.9302005087362
"2831",-33.2169199226624
"2832",-33.4181026805524
"2833",-33.50086546683
"2834",-33.7845603293768
"2835",-33.8088633598659
"2836",-33.8031791493759
"2837",-33.7970208686865
"2838",-33.3712870608485
"2839",-33.6491590002604
"2840",-33.6491590002604
"2841",-33.6336447529559
"2842",-33.5688407557442
"2843",-33.4997719857858
"2844",-33.2171588003333
"2845",-33.4277223674083
"2846",-33.5104851536859
"2847",-33.7941800162327
"2848",-33.8180619940818
"2849",-33.8180619940818
"2850",-33.8066405554924
"2851",-33.3751172740544
"2852",-33.6529892134663
"2853",-33.6529892134663
"2854",-33.6351240889218
"2855",-33.5703200917101
"2856",-33.5012513217517
"2857",-35.4887161444636
"2858",-36.4372302485811
"2859",-37.31969078257
"2860",-37.7929540257468
"2861",-37.8642522711925
"2862",-37.8886382359925
"2863",-37.7794954938131
"2864",-37.868476590438
"2865",-37.868476590438
"2866",-37.8511571140216
"2867",-37.7038934933057
"2868",-37.639089496094
"2869",-37.6313859715519
"2870",-35.6095971242983
"2871",-36.6626726320158
"2872",-37.3644537213736
"2873",-37.9228881545173
"2874",-37.9456951719173
"2875",-37.9427478035973
"2876",-37.8279659636464
"2877",-37.9166074290214
"2878",-37.9166074290214
"2879",-37.9083529398336
"2880",-37.7610893191177
"2881",-37.729537683954
"2882",-37.7218341594119
"2883",-5.6258981
"2884",-5.63243
"2885",-5.62123
"2886",-5.62123
"2887",-5.62123
"2888",-5.62123
"2889",-5.65
"2890",-5.65
"2891",-5.65
"2892",-5.65
"2893",-5.65
"2894",-5.65
"2895",-5.65
"2896",-7.13382183835778
"2897",-16.0275144594607
"2898",-11.7956189888242
"2899",-18.9833871634899
"2900",-1.01053359695127
"2901",-15.1211222222222
"2902",-13.8811056708222
"2903",-20.8185592122628
"2904",-16.0843092113912
"2905",-10.390674736466
"2906",19.0417146866352
"2907",4.64853776146586
"2908",-27.4528252188809
"2909",-35.9881454174477
"2910",-42.4666574232242
"2911",24.1314168200407
"2912",24.0783501533741
"2913",19.0417146866352
"2914",15.8214478433652
"2915",4.64853776146586
"2916",-2.54980174692499
"2917",-27.4528252188809
"2918",-33.1945502662186
"2919",-35.9881454174477
"2920",-40.2199870950744
"2921",-42.4666574232242
"2922",-44.8593488126709
"2923",-46.7449240025765
"2924",-47.4459301754498
"2925",-47.4776224831498
"2926",-0.0576880618979736
"2927",3.21262891092978
"2928",5.28336701374444
"2929",6.12809545439112
"2930",6.12809545439112
"2931",6.12809545439112
"2932",6.12809545439112
"2933",6.12809545439112
"2934",6.12809545439112
"2935",6.12809545439112
"2936",6.12809545439112
"2937",-7.741303844948
"2938",10.1819260592362
"2939",17.7004583967356
"2940",13.113719507116
"2941",13.113719507116
"2942",13.113719507116
"2943",13.113719507116
"2944",13.113719507116
"2945",13.113719507116
"2946",13.113719507116
"2947",13.113719507116
"2948",13.113719507116
"2949",13.113719507116
"2950",13.113719507116
"2951",13.113719507116
"2952",13.113719507116
"2953",5.50017455849333
"2954",14.5388585316807
"2955",16.9279276082741
"2956",15.7549898100249
"2957",15.5869898100249
"2958",15.5869898100249
"2959",15.5869898100249
"2960",15.5869898100249
"2961",15.5869898100249
"2962",15.5869898100249
"2963",15.5869898100249
"2964",15.5869898100249
"2965",15.5869898100249
"2966",15.5869898100249
"2967",15.5869898100249
"2968",15.5869898100249
"2969",5.62457455849333
"2970",14.3564585316807
"2971",17.0104378646843
"2972",15.8773898100249
"2973",15.8773898100249
"2974",15.8773898100249
"2975",15.7093898100249
"2976",15.7093898100249
"2977",15.7093898100249
"2978",15.7093898100249
"2979",15.7093898100249
"2980",15.7093898100249
"2981",15.7093898100249
"2982",15.7093898100249
"2983",15.7093898100249
"2984",15.7093898100249
"2985",15.7093898100249
"2986",9.43082111234667
"2987",15.6904630108
"2988",18.3151506851972
"2989",16.5757462202813
"2990",16.5757462202813
"2991",16.5757462202813
"2992",16.4077462202813
"2993",16.4077462202813
"2994",16.4077462202813
"2995",16.4077462202813
"2996",16.4077462202813
"2997",16.4077462202813
"2998",16.4077462202813
"2999",16.4077462202813
"3000",16.4077462202813
"3001",16.4077462202813
"3002",19.0851237621202
"3003",19.0851237621202
"3004",19.8224237621202
"3005",19.8243878646843
"3006",19.4247063075415
"3007",17.2034788903254
"3008",17.0633788903254
"3009",17.018645556992
"3010",17.1274668024133
"3011",17.1066718113876
"3012",16.9086224800689
"3013",16.8171558134023
"3014",16.8542891467356
"3015",16.9258532492997
"3016",16.9517103921568
"3017",18.4762853005818
"3018",18.4482853005818
"3019",18.4184519672484
"3020",18.3926160698125
"3021",18.299761594721
"3022",-9.23323751442181
"3023",-13.9144322896424
"3024",-13.8732686532788
"3025",-13.1771507743898
"3026",-13.1565218589898
"3027",-16.3845750866667
"3028",-16.062605932
"3029",-16.081928732
"3030",-16.3719453986667
"3031",-16.318878732
"3032",-16.307878732
"3033",-18.3250701740567
"3034",-18.1288314928
"3035",-18.1333314928
"3036",-18.3648666666667
"3037",-18.3388666666667
"3038",-18.3196
"3039",-18.3196
"3040",-20.1019093106868
"3041",-10.7644589063584
"3042",7.85780902096891
"3043",-4.47135870724384
"3044",-11.6178996082372
"3045",-28.5139879221358
"3046",-30.4167220511205
"3047",-16.5389831949394
"3048",-16.364612392264
"3049",-16.1237749405179
"3050",-16.0329008526391
"3051",-15.9891150280623
"3052",-16.5973690518731
"3053",-16.2350717199218
"3054",-16.1526761738512
"3055",-16.0533318859725
"3056",-16.3330476751211
"3057",-16.4722108749394
"3058",-16.3501804589307
"3059",-16.2682894977086
"3060",-16.0062285624876
"3061",-15.8695395254982
"3062",-16.4722108749394
"3063",-16.3377040589307
"3064",-16.1691882118043
"3065",-15.9784750708209
"3066",-15.9002687254982
"3067",-2.24965148920666
"3068",-3.39089694287333
"3069",-2.24835148920666
"3070",6.35274211914589
"3071",6.12203926027519
"3072",6.12203926027519
"3073",38.8950443668736
"3074",25.2522825460589
"3075",-11.6094648474387
"3076",-20.3776606994769
"3077",-18.9732761332249
"3078",-33.0691604952108
"3079",-1.69016489280403
"3080",-8.98333364539389
"3081",-13.1899737814076
"3082",-19.7171763966024
"3083",-19.5600107364691
"3084",-20.1655143908933
"3085",-27.1207426257045
"3086",-13.745474887305
"3087",-16.1558903705205
"3088",-31.520242913736
"3089",-32.687267972016
"3090",-31.8442669253105
"3091",-33.1344851814029
"3092",20.4598758207688
"3093",17.4858925270381
"3094",13.4485251110603
"3095",5.17605400676753
"3096",1.40710661374466
"3097",-21.6464798567403
"3098",-23.4932251488072
"3099",-25.1549136479905
"3100",-26.7802547180638
"3101",-7.54482650680033
"3102",-10.084513757258
"3103",-13.5885875722242
"3104",-22.9971964603854
"3105",-29.0096263304728
"3106",-30.5413759993561
"3107",21.1028596362946
"3108",17.1682478266797
"3109",11.353052837173
"3110",1.03166789964873
"3111",-10.8721741720623
"3112",-20.960922127027
"3113",-21.2943773546187
"3114",-28.3420094789505
"3115",-18.7526203717977
"3116",-15.5742179243557
"3117",-14.986556575211
"3118",-14.0112074806283
"3119",-4.50254251357288
"3120",-1.11740492974928
"3121",-23.45243576342
"3122",-12.6610759172569
"3123",-11.4564835424225
"3124",-5.6030940228934
"3125",-3.82961746105207
"3126",-28.2163970478414
"3127",-25.1992219368452
"3128",-18.0497157302992
"3129",-13.5633839473665
"3130",-12.6822926062475
"3131",-8.36002613131998
"3132",-21.1364046364353
"3133",-21.6987838808641
"3134",-18.9181747433658
"3135",-17.3834145433711
"3136",-9.14139592035259
"3137",-22.8420908208751
"3138",-18.1086724832635
"3139",-7.83395285283782
"3140",-4.32119259827202
"3141",-3.93356496376502
"3142",-3.47182492945468
"3143",-3.45458205896468
"3144",-21.3369264121416
"3145",-17.4232970051391
"3146",-17.3670884365551
"3147",-12.070394785613
"3148",-7.37279787538074
"3149",-18.8321455142157
"3150",-12.1770138113577
"3151",-9.30645838461781
"3152",-9.35857336656376
"3153",-9.72523552090447
"3154",-1.83745199334917
"3155",0.107915036497499
"3156",3.13025724804088
"3157",11.026892196212
"3158",-12.9322635317897
"3159",-12.1054040350235
"3160",-9.72346566855133
"3161",-5.950578329466
"3162",-0.17024413722172
"3163",-14.4627578002466
"3164",-12.7084782604045
"3165",-12.1839257177012
"3166",-11.2369032542525
"3167",-7.60474357389525
"3168",2.64017454430907
"3169",2.2824616834244
"3170",-21.0869975274035
"3171",-9.4992387648605
"3172",-2.37653524822978
"3173",-0.221293517109165
"3174",-0.257887109057833
"3175",-5.9039952373726
"3176",-1.43714400772981
"3177",1.91285945375759
"3178",1.73542292516293
"3179",1.68792433043959
"3180",1.98118817781693
"3181",2.35167721662026
"3182",-20.9684196599815
"3183",-7.1329565276864
"3184",-0.529868935783615
"3185",-0.668148868343615
"3186",-0.179424866128331
"3187",-4.04941061139228
"3188",3.45564960145244
"3189",-14.3037667514931
"3190",-14.0685074181598
"3191",-14.0685074181598
"3192",-14.0685074181598
"3193",-14.0685074181598
"3194",-14.0685074181598
"3195",-14.0685074181598
"3196",-14.0685074181598
"3197",-14.0685074181598
"3198",-14.0685074181598
"3199",-14.0685074181598
"3200",-13.9805074181598
"3201",-14.0029074181598
"3202",-14.0029074181598
"3203",-14.0029074181598
"3204",-14.0029074181598
"3205",-14.0029074181598
"3206",-14.4983561083331
"3207",-14.1053539692431
"3208",-14.1053539692431
"3209",-14.1053539692431
"3210",-14.620032520566
"3211",-14.620032520566
"3212",-15.568432520566
"3213",-15.568432520566
"3214",-15.568432520566
"3215",-15.568432520566
"3216",-15.568432520566
"3217",-15.568432520566
"3218",-15.568432520566
"3219",-33.02441357659
"3220",-10.8664084989959
"3221",-10.8664084989959
"3222",-11.0353929204245
"3223",-18.6393420940159
"3224",-28.5249960621653
"3225",-27.922341621752
"3226",-28.431839218352
"3227",-28.9163963621653
"3228",-28.7968603621653
"3229",-28.5249960621653
"3230",-12.0185620107956
"3231",-11.5092418772756
"3232",-10.8689664882646
"3233",-9.87884582479798
"3234",-9.94378797437798
"3235",22.8962174795129
"3236",17.0256523434223
"3237",9.20882625540767
"3238",-12.4163057404752
"3239",-14.1418443873462
"3240",-14.5860117841455
"3241",-14.2345326228767
"3242",-14.6183286357033
"3243",-34.6707038248299
"3244",24.0806261254267
"3245",16.7984082292362
"3246",-6.82977674756099
"3247",-14.7705665313338
"3248",-13.1824789057783
"3249",-24.131451222881
"3250",-42.4684259013314
"3251",36.3121823386467
"3252",33.5888902297262
"3253",18.0686605770589
"3254",5.62578181655099
"3255",-1.95753297010829
"3256",-1.13866727172612
"3257",-15.460930758074
"3258",-13.3618036511664
"3259",30.9092794477704
"3260",32.6052150039578
"3261",17.139345633772
"3262",0.282914751768951
"3263",-0.841842423079716
"3264",-0.770789868248882
"3265",-6.45709640754307
"3266",-13.7077355747642
"3267",8.56674614655891
"3268",-7.84280643885642
"3269",-9.31086614404975
"3270",-16.6984553309424
"3271",-37.8268527281672
"3272",-39.2407092965545
"3273",-40.5998672368598
"3274",-39.9759755573682
"3275",35.8123004997005
"3276",16.4980992636392
"3277",-0.483816952904601
"3278",-9.82010755084557
"3279",-21.5508162397567
"3280",-21.2814376789127
"3281",-21.7256065865861
"3282",32.5317655175045
"3283",12.1202216755472
"3284",-3.64831159774411
"3285",-11.2415323437571
"3286",-22.0909499649581
"3287",-22.1700184556325
"3288",-22.3850548874448
"3289",-20.8244288207734
"3290",-27.7615243045113
"3291",-31.2958998242713
"3292",-31.8331834590947
"3293",-44.40604646844
"3294",-42.7093482717829
"3295",-44.8568106358148
"3296",-45.6413491198788
"3297",-18.515216981678
"3298",-23.3385055943555
"3299",-23.1290739135155
"3300",-27.722068596358
"3301",-26.34988224568
"3302",-26.873757692802
"3303",-25.8094247614627
"3304",-26.004728311473
"3305",-25.668723672873
"3306",-25.794914207223
"3307",-25.873491102123
"3308",-25.873491102123
"3309",-25.873491102123
"3310",-25.873491102123
"3311",-25.873491102123
"3312",-25.873491102123
"3313",-25.873491102123
"3314",-25.873491102123
"3315",-25.873491102123
"3316",-25.873491102123
"3317",-25.873491102123
"3318",-25.873491102123
"3319",-25.873491102123
"3320",-25.873491102123
"3321",-25.873491102123
"3322",-25.2575992306433
"3323",-25.2575992306433
"3324",-25.2575992306433
"3325",-24.5626907528148
"3326",-24.5626907528148
"3327",-23.7170491567148
"3328",-22.7721959171148
"3329",-22.7721959171148
"3330",-22.7721959171148
"3331",-22.7721959171148
"3332",-22.7721959171148
"3333",-22.7721959171148
"3334",-22.7721959171148
"3335",-22.7721959171148
"3336",-23.7625565728648
"3337",-23.7625565728648
"3338",-23.7625565728648
"3339",-22.7159373401181
"3340",-22.7317456598
"3341",-22.7317456598
"3342",-22.7317456598
"3343",-22.7317456598
"3344",-22.7317456598
"3345",-22.7317456598
"3346",-21.527772494281
"3347",-21.2544803446485
"3348",-21.1814065040485
"3349",-21.1814065040485
"3350",-21.1814065040485
"3351",-21.1814065040485
"3352",-21.1814065040485
"3353",-21.1814065040485
"3354",-21.1814065040485
"3355",-21.1814065040485
"3356",-21.1814065040485
"3357",-21.1814065040485
"3358",-21.1814065040485
"3359",-21.1814065040485
"3360",-21.1694065040485
"3361",-21.1694065040485
"3362",-21.1694065040485
"3363",-21.1694065040485
"3364",-20.7247162555588
"3365",-20.7247162555588
"3366",-20.7247162555588
"3367",-20.0298077777302
"3368",-20.0298077777302
"3369",-19.6663910908302
"3370",-19.0915499432302
"3371",-19.0915499432302
"3372",-19.0915499432302
"3373",-19.0915499432302
"3374",-19.0915499432302
"3375",-19.0915499432302
"3376",-19.0915499432302
"3377",-19.0915499432302
"3378",-20.0819105989802
"3379",-20.0819105989802
"3380",-20.0819105989802
"3381",-19.3371857637002
"3382",-18.8185956663855
"3383",-18.8185956663855
"3384",-18.8185956663855
"3385",-18.8185956663855
"3386",-18.8185956663855
"3387",-18.6433429457455
"3388",-25.2860795052976
"3389",-25.0127873556651
"3390",-24.9397135150651
"3391",-24.9397135150651
"3392",-24.9397135150651
"3393",-24.9397135150651
"3394",-24.9397135150651
"3395",-24.9397135150651
"3396",-24.9397135150651
"3397",-24.9397135150651
"3398",-24.9397135150651
"3399",-24.9397135150651
"3400",-24.9397135150651
"3401",-24.9397135150651
"3402",-24.9277135150651
"3403",-24.9277135150651
"3404",-24.9277135150651
"3405",-24.9277135150651
"3406",-23.2874663261509
"3407",-23.2874663261509
"3408",-23.2874663261509
"3409",-22.5925578483223
"3410",-22.5925578483223
"3411",-22.2291411614223
"3412",-21.6543000138223
"3413",-21.6543000138223
"3414",-21.6543000138223
"3415",-21.6543000138223
"3416",-21.6543000138223
"3417",-21.6543000138223
"3418",-21.6543000138223
"3419",-21.6543000138223
"3420",-22.6446606695723
"3421",-22.6446606695723
"3422",-22.6446606695723
"3423",-21.8999358342923
"3424",-21.3813457369776
"3425",-21.3813457369776
"3426",-21.3813457369776
"3427",-21.3813457369776
"3428",-21.3813457369776
"3429",-21.3813457369776
"3430",-7.8741795943147
"3431",-8.2193513782147
"3432",16.5450806887362
"3433",16.5450806887362
"3434",16.5450806887362
"3435",16.5450806887362
"3436",16.5450806887362
"3437",16.5450806887362
"3438",16.5450806887362
"3439",16.5450806887362
"3440",16.5450806887362
"3441",16.5450806887362
"3442",16.5450806887362
"3443",16.5450806887362
"3444",16.5450806887362
"3445",16.5450806887362
"3446",16.5450806887362
"3447",16.5450806887362
"3448",14.7041441719905
"3449",14.7041441719905
"3450",14.7041441719905
"3451",14.4789086412691
"3452",14.4789086412691
"3453",13.7952618641024
"3454",13.4813269494024
"3455",13.4813269494024
"3456",13.4813269494024
"3457",13.4813269494024
"3458",13.4813269494024
"3459",13.4813269494024
"3460",13.2885095272024
"3461",13.2885095272024
"3462",12.2981488714524
"3463",12.2981488714524
"3464",12.2981488714524
"3465",11.1885914283524
"3466",10.2703739109905
"3467",10.2703739109905
"3468",10.2703739109905
"3469",10.2703739109905
"3470",10.2703739109905
"3471",10.2703739109905
"3472",-11.8745225594713
"3473",-11.4723052506893
"3474",-11.5699806573193
"3475",-11.666846951784
"3476",-11.666846951784
"3477",-11.666846951784
"3478",-12.078463154392
"3479",-12.078463154392
"3480",-12.078463154392
"3481",-12.438797883388
"3482",-12.438797883388
"3483",-12.438797883388
"3484",-12.481197883388
"3485",-12.481197883388
"3486",-12.481197883388
"3487",-12.481197883388
"3488",-12.481197883388
"3489",-12.481197883388
"3490",-12.923811325858
"3491",-12.923811325858
"3492",-12.923811325858
"3493",-13.213792700418
"3494",-13.213792700418
"3495",-13.605892700418
"3496",-13.535996300418
"3497",-13.535996300418
"3498",-13.535996300418
"3499",-13.535996300418
"3500",-13.535996300418
"3501",-13.535996300418
"3502",-13.159793435418
"3503",-13.159793435418
"3504",-13.159793435418
"3505",-13.159793435418
"3506",-13.176504663568
"3507",-13.581498993792
"3508",-13.1035196145539
"3509",-13.1035196145539
"3510",-13.1035196145539
"3511",-13.1035196145539
"3512",-13.1035196145539
"3513",-12.8178903843573
"3514",-14.1710242361885
"3515",-13.5886195638885
"3516",-13.1937752855185
"3517",-13.0940918176185
"3518",-13.0940918176185
"3519",-13.0940918176185
"3520",-13.5057080202265
"3521",-13.5057080202265
"3522",-13.5057080202265
"3523",-13.8660427492225
"3524",-13.8660427492225
"3525",-13.8660427492225
"3526",-13.9084427492225
"3527",-13.9084427492225
"3528",-13.9084427492225
"3529",-13.9084427492225
"3530",-13.9084427492225
"3531",-13.9644427492225
"3532",-14.5388555510925
"3533",-14.5388555510925
"3534",-14.5388555510925
"3535",-14.5444329324925
"3536",-14.5444329324925
"3537",-14.9245329324925
"3538",-14.9245329324925
"3539",-14.9245329324925
"3540",-14.9245329324925
"3541",-14.9245329324925
"3542",-14.9245329324925
"3543",-14.5483300674925
"3544",-14.5483300674925
"3545",-14.5483300674925
"3546",-14.5483300674925
"3547",-14.5483300674925
"3548",-14.5650412956425
"3549",-14.6464331153314
"3550",-14.6464331153314
"3551",-14.6464331153314
"3552",-14.6464331153314
"3553",-14.6464331153314
"3554",-14.6464331153314
"3555",-14.5500518210981
"3556",-12.7986309313383
"3557",-12.2162262590383
"3558",-12.3139016656683
"3559",-12.4404875791683
"3560",-12.4404875791683
"3561",-12.4404875791683
"3562",-12.7820401073483
"3563",-12.7820401073483
"3564",-12.7820401073483
"3565",-13.1423748363443
"3566",-13.1423748363443
"3567",-13.1423748363443
"3568",-13.1847748363443
"3569",-13.1847748363443
"3570",-13.1847748363443
"3571",-13.1847748363443
"3572",-13.1847748363443
"3573",-13.2407748363443
"3574",-13.5290196933943
"3575",-13.5290196933943
"3576",-13.5290196933943
"3577",-13.5345970747943
"3578",-13.5345970747943
"3579",-13.9146970747943
"3580",-13.9146970747943
"3581",-13.9146970747943
"3582",-13.9146970747943
"3583",-13.9146970747943
"3584",-13.9146970747943
"3585",-13.6196222702943
"3586",-13.6196222702943
"3587",-13.6196222702943
"3588",-13.6196222702943
"3589",-13.6196222702943
"3590",-13.6260646114843
"3591",-13.7074564311732
"3592",-13.7074564311732
"3593",-13.7074564311732
"3594",-13.7074564311732
"3595",-13.7074564311732
"3596",-13.7074564311732
"3597",-13.6110751369399
"3598",-23.867603248441
"3599",-22.131921758341
"3600",-21.5872314684709
"3601",-22.0222230720709
"3602",-22.0222230720709
"3603",-22.0222230720709
"3604",-22.3637756002509
"3605",-22.3637756002509
"3606",-22.3637756002509
"3607",-22.8262910145802
"3608",-22.8262910145802
"3609",-22.8262910145802
"3610",-22.7486910145802
"3611",-22.7486910145802
"3612",-22.7486910145802
"3613",-22.7486910145802
"3614",-22.7486910145802
"3615",-22.4056997613469
"3616",-22.4056997613469
"3617",-22.4056997613469
"3618",-22.4112771427469
"3619",-22.4112771427469
"3620",-22.8748771427469
"3621",-23.2092104760802
"3622",-23.2092104760802
"3623",-23.2092104760802
"3624",-23.2092104760802
"3625",-23.2092104760802
"3626",-23.2092104760802
"3627",-22.9129100299264
"3628",-22.9129100299264
"3629",-22.9129100299264
"3630",-22.9129100299264
"3631",-22.9129100299264
"3632",-22.8854135959931
"3633",-22.6583284901486
"3634",-22.6583284901486
"3635",-22.6583284901486
"3636",-22.6583284901486
"3637",-41.4935083377514
"3638",-40.3883126785014
"3639",-40.8233042821014
"3640",-40.8233042821014
"3641",-40.8233042821014
"3642",-40.8233042821014
"3643",-40.8233042821014
"3644",-40.8233042821014
"3645",-40.8233042821014
"3646",-40.8233042821014
"3647",-40.8233042821014
"3648",-40.8233042821014
"3649",-40.7457042821014
"3650",-40.7457042821014
"3651",-40.7457042821014
"3652",-40.7457042821014
"3653",-40.7457042821014
"3654",-41.3457042821014
"3655",-37.8784758744967
"3656",-37.8784758744967
"3657",-37.8784758744967
"3658",-37.3040116929367
"3659",-37.3040116929367
"3660",-39.0458616929367
"3661",-39.0458616929367
"3662",-39.0458616929367
"3663",-39.0458616929367
"3664",-39.0458616929367
"3665",-39.0458616929367
"3666",-38.7495612467828
"3667",-38.7495612467828
"3668",-38.7495612467828
"3669",-38.7495612467828
"3670",-38.7495612467828
"3671",-38.4317150245828
"3672",-37.833978207045
"3673",-37.833978207045
"3674",-37.833978207045
"3675",-37.833978207045
"3676",-37.833978207045
"3677",-37.833978207045
"3678",-37.813918312045
"3679",-43.8016491051234
"3680",-43.60791457279
"3681",-43.0483098181034
"3682",-21.137103650577
"3683",-24.3101998018976
"3684",-24.8406801411276
"3685",-24.9703028077943
"3686",-24.780021089061
"3687",-23.041145297687
"3688",-12.3394641592985
"3689",-12.3394641592985
"3690",-12.3394641592985
"3691",-12.3394641592985
"3692",-15.3012159606166
"3693",-17.3441665741656
"3694",-17.2573588057656
"3695",-17.2605291261656
"3696",-17.2605291261656
"3697",-17
"3698",-17
"3699",0.314318923571429
"3700",5.59872343375572
"3701",4.68117746813143
"3702",7.11896263095238
"3703",8.78031560452571
"3704",3.88550905458609
"3705",-13.1125298969211
"3706",-14.1309758777987
"3707",-11.7427494967066
"3708",9.01009699493939
"3709",8.23405272727272
"3710",-9.84072208690394
"3711",4.34732282584434
"3712",2.7602255448187
"3713",-0.195998613729643
"3714",-2.02451759621716
"3715",-3.85459301854049
"3716",-3.96862629052583
"3717",-4.00210542277916
"3718",-9.74870056261491
"3719",-14.0611442826131
"3720",-15.1519137222982
"3721",-21.4642478042647
"3722",-26.4790474733003
"3723",7.07734361999634
"3724",5.40747859268403
"3725",4.54267569146585
"3726",3.38821750347651
"3727",3.70445977125517
"3728",3.34661071231741
"3729",-1.52413516336245
"3730",-2.4349436882598
"3731",-2.4725811878198
"3732",-2.65265509735046
"3733",-2.5619412706838
"3734",-7.32516006312224
"3735",-17.9854413341267
"3736",-17.4680027155667
"3737",-17.4414985845667
"3738",-14.78289861652
"3739",-14.874629375945
"3740",-14.2530951670561
"3741",-13.7860094527704
"3742",-14.2435764802904
"3743",-14.2435764802904
"3744",-14.2435764802904
"3745",-14.3168442769654
"3746",-14.3168442769654
"3747",-14.3168442769654
"3748",-13.1958756664141
"3749",-13.2876064258391
"3750",-13.2876064258391
"3751",-13.3133842036169
"3752",-13.3420227502836
"3753",-13.2913307502836
"3754",-13.0363307502836
"3755",-13.0135506204702
"3756",-12.5464649061845
"3757",-12.5464649061845
"3758",-13.0040319337045
"3759",-13.0040319337045
"3760",-13.0940997303795
"3761",-13.0940997303795
"3762",-13.0348256664141
"3763",-13.0248256664141
"3764",-13.1265564258391
"3765",-13.1523342036169
"3766",-13.1809727502836
"3767",-12.8752807502836
"3768",-12.8525006204702
"3769",-12.5004649061845
"3770",-12.5004649061845
"3771",-12.963003362276
"3772",-12.963003362276
"3773",-13.053071158951
"3774",-13.053071158951
"3775",-13.053071158951
"3776",-12.9847753615811
"3777",-12.1589420282478
"3778",-11.7642204007278
"3779",-11.5042204007278
"3780",-11.4907777777778
"3781",-11.4107777777778
"3782",-12.9847753615811
"3783",-12.1589420282478
"3784",-11.4907777777778
"3785",-11.4107777777778
"3786",6.47335054211385
"3787",-11.5377366273133
"3788",-24.0803625417875
"3789",-28.0481002460542
"3790",-28.0481002460542
"3791",-31.5224146593925
"3792",-35.618672401238
"3793",-41.8387532627618
"3794",-42.6870520960951
"3795",-42.7297280960951
"3796",-34.229088212961
"3797",-39.1932642607132
"3798",-43.2081494100704
"3799",-43.2461485100704
"3800",-43.2888245100704
"3801",-0.167385501162409
"3802",-13.0013774918159
"3803",-22.2959581535873
"3804",-29.5346313815873
"3805",-33.6659920315873
"3806",-33.8644695315873
"3807",-33.9024085315873
"3808",9.23250419166663
"3809",8.36608757332854
"3810",6.3273475732333
"3811",2.42917325010085
"3812",-6.2267961788529
"3813",-10.5395852207952
"3814",-13.4382397257509
"3815",-16.7558133025542
"3816",-17.4347550733326
"3817",-17.2877576369821
"3818",9.90057223623168
"3819",9.21464163971501
"3820",5.93507574027633
"3821",1.30186195645299
"3822",-6.80269138607513
"3823",-9.27287158483413
"3824",-12.2598211876469
"3825",-14.5182046741195
"3826",-14.6580801122845
"3827",-14.97435409421
"3828",10.6811396972317
"3829",9.92496610071501
"3830",7.36590993927633
"3831",2.79625080211966
"3832",-4.65069317194656
"3833",-6.15521354570556
"3834",-8.28574524955171
"3835",-9.10944854510026
"3836",-9.03186295659859
"3837",-9.45649821990526
"3838",-31.2222489076133
"3839",-31.6221349925067
"3840",-15.8189332369858
"3841",-14.1732214857397
"3842",-10.0264473632787
"3843",-13.5699146231721
"3844",-17.2000713936023
"3845",-14.948233159699
"3846",-15.8189332369858
"3847",-15.8189332369858
"3848",-15.403584309803
"3849",-14.1732214857397
"3850",-13.3932214857397
"3851",-15.8189332369858
"3852",-14.1732214857397
"3853",-17.094907629717
"3854",-15.0514723231947
"3855",-15.3634856579547
"3856",-14.1732214857397
"3857",-12.3217003955802
"3858",-12.2073803955802
"3859",-11.4273803955802
"3860",-15.3634856579547
"3861",-15.6170425452282
"3862",-15.8937356981682
"3863",-16.1933886154349
"3864",-15.8274819487682
"3865",-15.8274819487682
"3866",-15.8274819487682
"3867",-15.9360840992849
"3868",-15.9360840992849
"3869",-16.8711974092008
"3870",-17.1247542964744
"3871",-17.0595228592544
"3872",-17.2341888015211
"3873",-16.8995387623744
"3874",-16.8995387623744
"3875",-16.8995387623744
"3876",-17.0036934959082
"3877",-17.0036934959082
"3878",-16.3441549628428
"3879",-15.4232617623645
"3880",-15.5390354935988
"3881",-15.7842520008405
"3882",-16.2960182676394
"3883",-16.2928819040031
"3884",-16.3714893373185
"3885",-16.2053673739852
"3886",-16.0426194841185
"3887",-16.2928819040031
"3888",-16.2053673739852
"3889",-16.2053673739852
"3890",-15.8259894989752
"3891",-16.5552667505909
"3892",-16.4868667505909
"3893",-16.4868667505909
"3894",-16.3725467505909
"3895",-16.5552667505909
"3896",-18.1256496220837
"3897",-18.1320568352337
"3898",-18.1320568352337
"3899",-16.4868667505909
"3900",-18.0572496220837
"3901",-18.1320568352337
"3902",-18.1320568352337
"3903",7.08168381283122
"3904",-11.0489808862886
"3905",7.39941949316348
"3906",5.12082268187142
"3907",-4.54675580258139
"3908",-4.54675580258139
"3909",-4.54675580258139
"3910",-1.23627964476144
"3911",-1.23627964476144
"3912",5.12908163326788
"3913",-7.01137320319132
"3914",6.07298684704023
"3915",-6.78099557609068
"3916",-2.42931165547875
"3917",-2.42931165547875
"3918",-18.597727988571
"3919",-24.3557846448843
"3920",-19.6001082809205
"3921",-24.0594911773914
"3922",-5.52755590614069
"3923",-7.25817052035945
"3924",-3.59188462125574
"3925",-4.49570391955405
"3926",-4.49570391955405
"3927",-1.16383506825966
"3928",-1.16383506825966
"3929",-5.74569989843569
"3930",-9.63576254170785
"3931",-9.62265410617447
"3932",-2.2574060525956
"3933",-2.2574060525956
"3934",-23.4669342354859
"3935",-26.2734360647272
"3936",-25.4940621491898
"3937",-23.0125050752404
"3938",-5.44193149926783
"3939",-5.59056591095161
"3940",-4.32200571324829
"3941",-3.80638265801274
"3942",-1.41359670615084
"3943",-1.41359670615084
"3944",-3.93348757823729
"3945",-8.95421790379169
"3946",-6.51673618682338
"3947",-8.52842735714086
"3948",-2.0665127948025
"3949",-2.0665127948025
"3950",4.57807403990761
"3951",-4.30415891094216
"3952",-15.5349191338061
"3953",-10.3929997842852
"3954",-5.27215591449696
"3955",-2.8637100629958
"3956",-3.33312213814666
"3957",-7.15444061168959
"3958",-2.78511923817205
"3959",-1.80989492151648
"3960",-2.78511923817205
"3961",-19.4258306307876
"3962",-9.82375145289418
"3963",-25.6636599094046
"3964",-22.7633068227249
"3965",-20.9592787420906
"3966",-13.7415230445758
"3967",-21.9556337042832
"3968",-21.9556337042832
"3969",-9.99155823804536
"3970",-5.03218497214879
"3971",-6.44373149052044
"3972",-21.3350084594638
"3973",-10.071941324589
"3974",-26.1086165589976
"3975",-26.8165807842188
"3976",-25.8442663501249
"3977",-16.1675947091981
"3978",-24.7291503806391
"3979",-25.8868623657318
"3980",-14.3299225136085
"3981",-15.2406763723322
"3982",-14.1481949365504
